"","stars","review_count","BikeParking","BusinessParking","HasTV","NoiseLevel","review_count.1","hours.time"
"2",4,13,TRUE,"YES",TRUE,"loud",13,101.5
"4",4,91,TRUE,"YES",FALSE,"quiet",91,45
"5",3.5,85,TRUE,"YES",TRUE,"average",85,44
"6",3.5,22,FALSE,"YES",TRUE,"average",22,75
"7",4,92,TRUE,"YES",TRUE,"average",92,69
"8",3.5,45,TRUE,"YES",FALSE,"average",45,54
"9",4.5,65,TRUE,"YES",FALSE,"average",65,74
"10",4,24,TRUE,"YES",TRUE,"very_loud",24,47.5
"13",4,9,TRUE,"NO",TRUE,"average",9,44
"14",3.5,49,TRUE,"YES",FALSE,"quiet",49,35
"15",4.5,16,TRUE,"YES",TRUE,"average",16,59
"16",3,68,TRUE,"YES",TRUE,"average",68,114
"21",3.5,57,TRUE,"YES",TRUE,"average",57,74
"24",3.5,25,FALSE,"YES",TRUE,"average",25,82
"25",4.5,61,TRUE,"YES",TRUE,"quiet",61,72
"28",4,29,TRUE,"NO",TRUE,"average",29,121
"29",3.5,49,TRUE,"YES",FALSE,"average",49,57.5
"30",3,243,TRUE,"YES",FALSE,"average",243,78
"31",3,133,TRUE,"YES",FALSE,"average",133,50
"34",3,7,FALSE,"NO",TRUE,"average",7,83
"35",5,5,TRUE,"YES",TRUE,"average",5,45
"38",4,98,TRUE,"YES",TRUE,"quiet",98,168
"39",3,41,TRUE,"YES",TRUE,"average",41,68
"42",3.5,109,FALSE,"YES",TRUE,"quiet",109,48
"45",4.5,3,TRUE,"NO",TRUE,"average",3,108.5
"46",3.5,158,TRUE,"YES",TRUE,"average",158,63.5
"48",4,36,FALSE,"YES",TRUE,"average",36,27
"50",3,35,FALSE,"YES",FALSE,"average",35,107.5
"51",4.5,55,TRUE,"YES",TRUE,"average",55,96
"53",4,121,TRUE,"YES",TRUE,"loud",121,88
"54",3,23,TRUE,"YES",TRUE,"quiet",23,52
"55",3.5,6,FALSE,"YES",TRUE,"very_loud",6,81
"56",3.5,287,TRUE,"YES",TRUE,"average",287,75.5
"59",3,83,FALSE,"YES",TRUE,"average",83,81
"65",3.5,115,TRUE,"YES",TRUE,"average",115,73
"67",4,35,TRUE,"NO",TRUE,"loud",35,62
"68",4.5,287,TRUE,"YES",TRUE,"average",287,31.5
"69",4,560,TRUE,"YES",TRUE,"loud",560,85
"71",2.5,114,FALSE,"YES",TRUE,"average",114,78
"74",4.5,90,TRUE,"YES",TRUE,"average",90,108.5
"75",4,56,TRUE,"YES",TRUE,"very_loud",56,67
"76",3,96,TRUE,"YES",TRUE,"average",96,76
"82",3.5,82,TRUE,"YES",TRUE,"average",82,105
"83",3,37,TRUE,"NO",TRUE,"loud",37,76
"84",3.5,210,TRUE,"YES",TRUE,"average",210,75
"85",4,87,TRUE,"YES",TRUE,"quiet",87,57
"86",3,172,TRUE,"YES",TRUE,"average",172,68.5
"89",3.5,266,TRUE,"YES",TRUE,"average",266,93
"93",3.5,180,TRUE,"NO",TRUE,"average",180,79
"94",3.5,85,FALSE,"YES",TRUE,"average",85,79
"96",2.5,88,FALSE,"YES",TRUE,"loud",88,95
"98",3.5,112,FALSE,"YES",TRUE,"loud",112,105
"104",3.5,28,TRUE,"YES",TRUE,"loud",28,66
"106",4,718,TRUE,"YES",TRUE,"average",718,75
"107",3.5,220,FALSE,"YES",TRUE,"average",220,86
"108",4.5,831,TRUE,"YES",TRUE,"average",831,77
"110",4,264,FALSE,"YES",TRUE,"average",264,75.5
"112",4,426,TRUE,"YES",FALSE,"average",426,75
"116",3,33,TRUE,"YES",TRUE,"average",33,104.5
"118",3,309,TRUE,"YES",TRUE,"average",309,105
"121",3,23,FALSE,"NO",TRUE,"average",23,105
"124",3.5,26,TRUE,"YES",TRUE,"average",26,81
"125",3.5,10,TRUE,"NO",TRUE,"average",10,114.5
"126",3.5,110,TRUE,"YES",TRUE,"average",110,84
"127",4.5,111,TRUE,"YES",TRUE,"average",111,83
"128",4,98,FALSE,"YES",TRUE,"average",98,98
"130",4,61,TRUE,"YES",TRUE,"average",61,106
"131",4,42,FALSE,"YES",FALSE,"quiet",42,77.5
"134",3.5,113,TRUE,"YES",TRUE,"average",113,74.5
"136",4,153,TRUE,"YES",TRUE,"average",153,38
"137",5,10,TRUE,"YES",TRUE,"quiet",10,60
"145",4,387,TRUE,"YES",TRUE,"loud",387,91
"147",4,109,TRUE,"YES",TRUE,"average",109,89
"148",5,32,TRUE,"YES",TRUE,"average",32,51.5
"151",4,96,TRUE,"YES",TRUE,"average",96,85
"152",3.5,47,TRUE,"YES",TRUE,"average",47,60
"154",4,120,FALSE,"YES",TRUE,"quiet",120,83
"155",3.5,135,TRUE,"YES",TRUE,"average",135,65
"156",3,372,TRUE,"YES",TRUE,"loud",372,90
"157",3.5,50,TRUE,"YES",TRUE,"very_loud",50,21
"158",4,3,TRUE,"YES",TRUE,"average",3,52
"159",3,173,TRUE,"YES",TRUE,"average",173,92
"160",4,182,TRUE,"YES",TRUE,"average",182,74
"165",3,62,TRUE,"YES",TRUE,"average",62,92
"168",4,71,FALSE,"YES",TRUE,"average",71,53
"171",4.5,42,TRUE,"YES",FALSE,"average",42,79
"172",3.5,175,TRUE,"YES",TRUE,"loud",175,109
"173",4.5,121,FALSE,"YES",TRUE,"average",121,101.5
"174",3,216,TRUE,"YES",TRUE,"very_loud",216,105
"175",4,4,TRUE,"YES",TRUE,"quiet",4,106
"176",3,94,TRUE,"YES",TRUE,"average",94,78
"180",4,392,TRUE,"YES",FALSE,"average",392,39
"182",4,43,TRUE,"YES",FALSE,"average",43,26
"183",4,126,TRUE,"YES",FALSE,"average",126,86
"186",2.5,36,TRUE,"YES",TRUE,"average",36,91
"189",3,71,TRUE,"YES",TRUE,"average",71,73.5
"190",3.5,172,TRUE,"YES",TRUE,"average",172,93
"191",2.5,37,FALSE,"YES",TRUE,"loud",37,108.5
"196",3,267,TRUE,"YES",TRUE,"average",267,116
"199",4.5,125,TRUE,"YES",TRUE,"average",125,54
"204",2.5,90,TRUE,"YES",TRUE,"average",90,84
"205",3.5,58,TRUE,"YES",TRUE,"loud",58,122.5
"206",4,280,TRUE,"YES",TRUE,"average",280,46
"209",4,11,TRUE,"YES",TRUE,"loud",11,70
"211",4,19,FALSE,"YES",TRUE,"average",19,22
"212",4.5,402,TRUE,"YES",FALSE,"average",402,53
"215",4,86,FALSE,"YES",TRUE,"average",86,111
"216",3.5,30,TRUE,"NO",TRUE,"loud",30,98
"217",2.5,47,TRUE,"NO",TRUE,"very_loud",47,88
"219",4.5,55,FALSE,"YES",TRUE,"average",55,72
"220",3,10,TRUE,"YES",TRUE,"loud",10,108
"221",2.5,28,TRUE,"YES",TRUE,"very_loud",28,100
"222",3,25,FALSE,"YES",TRUE,"average",25,105.5
"223",4.5,32,TRUE,"YES",TRUE,"average",32,95
"226",3.5,22,TRUE,"YES",TRUE,"loud",22,78
"227",3,27,TRUE,"YES",TRUE,"average",27,116
"228",2.5,9,TRUE,"NO",TRUE,"very_loud",9,101
"229",4,70,TRUE,"YES",TRUE,"average",70,99
"230",4.5,124,TRUE,"YES",TRUE,"average",124,46
"236",3,12,FALSE,"YES",TRUE,"loud",12,105
"240",4,227,TRUE,"YES",TRUE,"loud",227,110
"242",3,79,FALSE,"NO",TRUE,"loud",79,77
"245",3,239,TRUE,"YES",TRUE,"average",239,91
"246",3.5,16,FALSE,"NO",TRUE,"average",16,86
"247",3.5,10,TRUE,"NO",TRUE,"loud",10,87
"248",4,120,TRUE,"YES",TRUE,"average",120,21
"251",3.5,83,TRUE,"YES",TRUE,"average",83,78.5
"256",4,26,TRUE,"YES",TRUE,"average",26,97
"258",4,57,FALSE,"YES",TRUE,"average",57,56.5
"259",3,25,TRUE,"NO",TRUE,"average",25,73
"261",3.5,44,FALSE,"YES",TRUE,"average",44,63
"262",3.5,48,TRUE,"YES",TRUE,"average",48,106
"263",4,481,TRUE,"YES",TRUE,"average",481,79
"265",3.5,318,TRUE,"YES",TRUE,"average",318,103
"266",3.5,124,TRUE,"YES",FALSE,"average",124,57
"267",3,4,FALSE,"NO",TRUE,"quiet",4,77
"268",4,45,TRUE,"YES",TRUE,"average",45,99
"269",4,129,TRUE,"YES",TRUE,"average",129,106
"270",4.5,134,TRUE,"YES",TRUE,"average",134,48
"271",4.5,5,FALSE,"NO",TRUE,"average",5,92
"272",4,41,TRUE,"NO",TRUE,"quiet",41,75.25
"273",3,20,TRUE,"YES",TRUE,"average",20,79
"276",2,47,TRUE,"YES",TRUE,"quiet",47,92
"277",2,113,TRUE,"YES",TRUE,"loud",113,92
"278",3,3,TRUE,"NO",TRUE,"average",3,98
"283",3.5,113,TRUE,"YES",TRUE,"average",113,87
"285",3,36,FALSE,"NO",TRUE,"average",36,112
"286",3,6,TRUE,"YES",TRUE,"average",6,41
"288",4,18,TRUE,"YES",TRUE,"quiet",18,71.5
"291",3.5,25,FALSE,"NO",TRUE,"average",25,91
"292",3.5,60,TRUE,"YES",TRUE,"average",60,68
"293",4,264,TRUE,"YES",TRUE,"average",264,79
"296",4,15,TRUE,"NO",TRUE,"average",15,102
"298",4,28,TRUE,"YES",TRUE,"average",28,44.5
"299",3,44,TRUE,"YES",TRUE,"average",44,71
"300",3.5,96,TRUE,"YES",FALSE,"average",96,32
"301",4.5,90,TRUE,"YES",FALSE,"average",90,35
"305",3.5,57,TRUE,"YES",TRUE,"average",57,108.5
"309",3,149,TRUE,"YES",TRUE,"average",149,39
"311",3.5,85,TRUE,"YES",TRUE,"average",85,68.5
"313",4,135,TRUE,"YES",TRUE,"quiet",135,76
"316",4,151,FALSE,"YES",FALSE,"quiet",151,63
"317",4.5,97,TRUE,"YES",TRUE,"quiet",97,67
"321",3.5,127,TRUE,"NO",FALSE,"average",127,51
"323",3.5,348,TRUE,"YES",TRUE,"loud",348,48.5
"324",3.5,73,TRUE,"YES",TRUE,"loud",73,85
"326",4,86,TRUE,"YES",TRUE,"average",86,62
"332",3.5,149,TRUE,"YES",TRUE,"average",149,33
"333",2.5,60,FALSE,"YES",TRUE,"average",60,98
"334",3,41,TRUE,"YES",TRUE,"average",41,93
"335",3.5,54,TRUE,"YES",TRUE,"average",54,58
"337",2,122,FALSE,"YES",TRUE,"average",122,65.5
"340",2.5,34,TRUE,"YES",TRUE,"very_loud",34,42
"341",3.5,197,TRUE,"YES",TRUE,"average",197,84
"344",3,32,TRUE,"NO",TRUE,"average",32,91
"349",3.5,4,TRUE,"YES",TRUE,"average",4,57
"350",3.5,37,FALSE,"YES",TRUE,"average",37,74
"353",3.5,10,TRUE,"YES",TRUE,"average",10,107.5
"356",4,201,FALSE,"YES",FALSE,"average",201,109.5
"357",3,10,TRUE,"NO",TRUE,"average",10,101.5
"358",4,233,TRUE,"YES",TRUE,"average",233,100
"360",3.5,4,TRUE,"NO",FALSE,"average",4,36
"361",3,21,TRUE,"YES",TRUE,"quiet",21,95.5
"363",3,79,FALSE,"YES",TRUE,"average",79,105
"364",3.5,151,TRUE,"YES",FALSE,"average",151,72.5
"365",3,307,TRUE,"YES",TRUE,"average",307,168
"366",4,121,TRUE,"YES",TRUE,"average",121,90
"372",4,25,FALSE,"YES",TRUE,"average",25,105
"373",3.5,77,TRUE,"YES",TRUE,"average",77,107
"376",2.5,15,TRUE,"YES",TRUE,"very_loud",15,86.5
"377",4,105,FALSE,"YES",TRUE,"average",105,59
"381",2.5,45,TRUE,"YES",TRUE,"average",45,79.5
"382",4,332,TRUE,"YES",TRUE,"average",332,108
"383",2.5,42,TRUE,"YES",TRUE,"average",42,96
"386",3,37,FALSE,"NO",TRUE,"quiet",37,76
"387",4,417,TRUE,"YES",TRUE,"average",417,67
"388",3.5,14,TRUE,"NO",TRUE,"average",14,107
"390",4,213,TRUE,"YES",TRUE,"average",213,82
"393",3,29,FALSE,"NO",TRUE,"average",29,79
"395",4.5,66,TRUE,"NO",TRUE,"quiet",66,62
"398",4.5,49,TRUE,"YES",FALSE,"quiet",49,61.25
"399",4.5,473,TRUE,"YES",TRUE,"average",473,28
"400",3,61,TRUE,"YES",TRUE,"average",61,79
"402",2,8,TRUE,"NO",TRUE,"average",8,107.5
"405",2.5,35,FALSE,"YES",TRUE,"loud",35,90
"406",4,11,TRUE,"YES",TRUE,"loud",11,93
"407",4,13,TRUE,"YES",TRUE,"loud",13,63
"411",3,13,TRUE,"NO",TRUE,"average",13,105
"413",4.5,80,TRUE,"YES",FALSE,"average",80,45
"414",3.5,207,TRUE,"YES",TRUE,"average",207,86
"415",4,64,FALSE,"YES",TRUE,"average",64,89
"416",3,18,TRUE,"YES",TRUE,"average",18,108.5
"419",2,44,TRUE,"YES",TRUE,"average",44,86
"420",3.5,69,TRUE,"YES",TRUE,"average",69,68
"421",3.5,167,TRUE,"YES",TRUE,"average",167,52
"422",4,96,TRUE,"YES",TRUE,"average",96,95
"423",3,8,TRUE,"NO",TRUE,"average",8,105
"424",2.5,208,TRUE,"YES",TRUE,"loud",208,101.433333333333
"426",4,293,TRUE,"YES",FALSE,"average",293,76
"427",3,82,TRUE,"YES",TRUE,"average",82,53
"429",3,118,TRUE,"YES",TRUE,"average",118,59
"430",3.5,61,TRUE,"YES",TRUE,"average",61,98
"432",4.5,18,FALSE,"YES",TRUE,"loud",18,104
"435",2.5,32,TRUE,"NO",TRUE,"very_loud",32,49
"437",4,136,TRUE,"YES",FALSE,"average",136,77
"438",3,7,TRUE,"YES",TRUE,"average",7,96.5
"440",4,90,TRUE,"NO",TRUE,"average",90,51.5
"442",4,78,FALSE,"YES",TRUE,"average",78,73.5
"444",3,58,FALSE,"YES",TRUE,"average",58,92
"445",3,60,FALSE,"YES",TRUE,"quiet",60,92
"446",3.5,38,TRUE,"YES",TRUE,"average",38,89
"448",3.5,57,FALSE,"NO",TRUE,"loud",57,103.5
"449",4,215,TRUE,"YES",FALSE,"average",215,55
"450",4,537,TRUE,"YES",FALSE,"average",537,56
"452",4,166,TRUE,"YES",TRUE,"average",166,91
"454",3,78,TRUE,"NO",TRUE,"average",78,108.5
"455",3.5,62,FALSE,"YES",TRUE,"quiet",62,76.5
"458",3,575,TRUE,"YES",TRUE,"average",575,89
"460",3,377,TRUE,"YES",TRUE,"average",377,77
"461",3.5,274,TRUE,"YES",TRUE,"average",274,68
"464",3,49,TRUE,"YES",TRUE,"average",49,75.5
"465",3,39,TRUE,"YES",TRUE,"average",39,112
"468",3.5,35,TRUE,"NO",TRUE,"average",35,115.5
"469",4,47,FALSE,"YES",TRUE,"average",47,84.5
"473",4.5,65,FALSE,"YES",FALSE,"average",65,44
"474",3,10,FALSE,"YES",TRUE,"average",10,105
"476",3.5,92,TRUE,"YES",TRUE,"average",92,34.5
"477",3,49,TRUE,"YES",TRUE,"loud",49,83.5
"480",3.5,9,FALSE,"YES",FALSE,"average",9,25
"482",3,40,TRUE,"YES",TRUE,"average",40,92
"483",3,494,TRUE,"YES",TRUE,"average",494,105
"487",3.5,39,FALSE,"YES",TRUE,"loud",39,105
"488",2,27,TRUE,"NO",TRUE,"loud",27,100
"489",3,28,TRUE,"YES",TRUE,"average",28,105
"494",4,46,TRUE,"YES",FALSE,"average",46,77
"495",3,15,TRUE,"NO",TRUE,"loud",15,45
"497",3,12,TRUE,"NO",FALSE,"average",12,34
"499",4.5,43,TRUE,"YES",TRUE,"average",43,44
"500",4,170,TRUE,"YES",TRUE,"average",170,67
"503",2,49,TRUE,"YES",TRUE,"quiet",49,93
"505",3.5,158,TRUE,"YES",TRUE,"average",158,95
"506",3.5,134,TRUE,"YES",TRUE,"average",134,82
"509",4.5,23,FALSE,"YES",FALSE,"average",23,63
"512",3,73,FALSE,"YES",FALSE,"average",73,75
"513",2.5,34,FALSE,"YES",TRUE,"average",34,108.5
"515",3,164,TRUE,"YES",TRUE,"average",164,52.5
"517",4,152,TRUE,"YES",FALSE,"average",152,24.5
"518",4.5,25,FALSE,"NO",TRUE,"average",25,69.5
"521",3,101,TRUE,"YES",TRUE,"loud",101,105
"523",4,123,TRUE,"YES",TRUE,"average",123,74
"524",3,128,TRUE,"YES",TRUE,"average",128,49.5
"525",3.5,1129,TRUE,"YES",TRUE,"average",1129,80.5
"527",4.5,21,FALSE,"YES",TRUE,"average",21,35
"528",4,86,TRUE,"YES",TRUE,"loud",86,91
"530",3.5,64,FALSE,"YES",FALSE,"average",64,24
"531",4,85,FALSE,"NO",TRUE,"average",85,46
"534",3,5,FALSE,"NO",TRUE,"average",5,38
"535",3,69,TRUE,"YES",TRUE,"average",69,118.5
"537",3.5,84,FALSE,"YES",TRUE,"loud",84,95
"539",3.5,77,TRUE,"YES",TRUE,"average",77,64
"542",3.5,61,TRUE,"YES",TRUE,"quiet",61,69.5
"543",4,248,TRUE,"YES",TRUE,"average",248,53
"545",3,167,TRUE,"YES",TRUE,"average",167,93
"547",3.5,18,FALSE,"NO",TRUE,"average",18,104.5
"549",4.5,3,FALSE,"NO",TRUE,"average",3,103
"550",2.5,8,TRUE,"YES",TRUE,"average",8,37
"551",3.5,60,TRUE,"YES",TRUE,"average",60,59.5
"554",4.5,18,TRUE,"NO",TRUE,"loud",18,71.5
"555",2.5,38,TRUE,"NO",TRUE,"average",38,88
"557",4,132,FALSE,"YES",TRUE,"average",132,69
"558",4.5,10,TRUE,"YES",TRUE,"average",10,37
"560",3,33,TRUE,"YES",TRUE,"average",33,86.5
"561",4,155,TRUE,"YES",TRUE,"average",155,76
"563",4,116,FALSE,"NO",TRUE,"quiet",116,54.5
"564",3,42,TRUE,"YES",TRUE,"average",42,98
"565",3.5,105,TRUE,"YES",TRUE,"average",105,36
"566",3.5,6,TRUE,"NO",TRUE,"average",6,126
"567",3.5,45,FALSE,"YES",FALSE,"very_loud",45,88
"568",4,5,FALSE,"NO",TRUE,"loud",5,62
"569",4.5,110,TRUE,"YES",FALSE,"average",110,80
"570",4.5,258,TRUE,"YES",FALSE,"quiet",258,20
"571",4.5,92,TRUE,"YES",TRUE,"quiet",92,67
"572",4.5,13,FALSE,"NO",FALSE,"quiet",13,68
"573",3,188,TRUE,"YES",TRUE,"average",188,114
"574",3.5,146,FALSE,"YES",FALSE,"average",146,32
"580",4.5,82,TRUE,"YES",FALSE,"average",82,47
"582",4.5,974,TRUE,"YES",FALSE,"loud",974,32
"583",3.5,174,TRUE,"YES",FALSE,"average",174,41
"585",4,46,TRUE,"YES",TRUE,"quiet",46,62
"587",4,56,TRUE,"YES",TRUE,"average",56,98
"588",3.5,17,TRUE,"NO",TRUE,"average",17,108.5
"589",3.5,26,TRUE,"YES",TRUE,"average",26,133
"599",4,29,FALSE,"NO",TRUE,"quiet",29,52.5
"600",4,173,TRUE,"YES",TRUE,"average",173,27
"601",3.5,31,FALSE,"YES",TRUE,"average",31,102
"602",4,110,FALSE,"YES",TRUE,"average",110,85
"603",4,108,TRUE,"YES",TRUE,"average",108,105
"605",4,9,TRUE,"NO",TRUE,"average",9,105
"606",3.5,123,FALSE,"YES",TRUE,"average",123,82
"607",4,96,TRUE,"YES",TRUE,"loud",96,67
"609",4,90,TRUE,"YES",TRUE,"quiet",90,29
"610",3.5,19,TRUE,"YES",TRUE,"average",19,92
"614",3.5,41,FALSE,"YES",TRUE,"average",41,84
"615",3,227,TRUE,"YES",TRUE,"average",227,57
"619",3,13,FALSE,"NO",TRUE,"quiet",13,72
"620",3,17,TRUE,"YES",TRUE,"average",17,66
"621",4,128,TRUE,"YES",TRUE,"average",128,74
"623",3,54,TRUE,"YES",TRUE,"average",54,121
"624",3,21,TRUE,"YES",TRUE,"very_loud",21,53
"625",4,52,TRUE,"NO",TRUE,"quiet",52,78
"630",4,788,TRUE,"YES",TRUE,"average",788,107
"633",3,127,TRUE,"YES",TRUE,"average",127,36.5
"635",4.5,206,TRUE,"YES",FALSE,"average",206,79
"641",4.5,96,TRUE,"YES",TRUE,"quiet",96,61.5
"642",3,8,TRUE,"YES",TRUE,"quiet",8,106.5
"643",4.5,49,TRUE,"YES",TRUE,"quiet",49,64
"645",4,12,TRUE,"NO",TRUE,"average",12,86
"646",2.5,13,FALSE,"YES",TRUE,"average",13,27
"648",4,89,TRUE,"YES",TRUE,"average",89,88
"651",2.5,61,FALSE,"YES",TRUE,"average",61,92
"652",4,112,TRUE,"YES",TRUE,"average",112,79.5
"653",4,33,TRUE,"YES",TRUE,"average",33,105
"654",3,47,TRUE,"YES",TRUE,"average",47,79
"658",3.5,31,TRUE,"YES",TRUE,"loud",31,47.5
"660",3.5,60,TRUE,"YES",TRUE,"loud",60,105
"661",3.5,12,TRUE,"YES",TRUE,"loud",12,100
"662",3.5,55,TRUE,"YES",TRUE,"very_loud",55,63
"664",4,50,TRUE,"NO",TRUE,"very_loud",50,23.5
"665",4,524,TRUE,"YES",FALSE,"average",524,94.5
"666",3.5,41,FALSE,"YES",TRUE,"average",41,106.5
"669",4,70,FALSE,"YES",FALSE,"average",70,37
"670",4,35,TRUE,"YES",TRUE,"average",35,77
"675",4.5,301,TRUE,"YES",FALSE,"average",301,31
"681",3,32,TRUE,"YES",TRUE,"average",32,42
"685",4,20,FALSE,"NO",TRUE,"quiet",20,59
"689",4,34,FALSE,"NO",TRUE,"average",34,80
"691",3.5,3,TRUE,"YES",TRUE,"loud",3,96
"697",3.5,18,FALSE,"NO",TRUE,"quiet",18,62
"699",3.5,1380,TRUE,"YES",TRUE,"loud",1380,168
"701",4.5,86,TRUE,"YES",FALSE,"average",86,69.5
"702",4.5,285,FALSE,"YES",TRUE,"average",285,72
"704",3,79,TRUE,"YES",TRUE,"average",79,77
"705",2,37,FALSE,"YES",TRUE,"average",37,93
"708",3,17,FALSE,"YES",TRUE,"average",17,103
"709",3,42,FALSE,"YES",TRUE,"average",42,92
"711",4,4,TRUE,"YES",TRUE,"average",4,107
"718",3.5,6,FALSE,"NO",TRUE,"very_loud",6,90
"719",4.5,31,FALSE,"YES",TRUE,"quiet",31,54
"721",3,61,FALSE,"YES",TRUE,"average",61,98
"722",4,317,FALSE,"YES",FALSE,"average",317,67
"723",3.5,249,TRUE,"YES",TRUE,"average",249,59
"724",4,60,TRUE,"YES",FALSE,"average",60,69.5
"729",4,53,TRUE,"YES",TRUE,"average",53,55.5
"730",4,41,TRUE,"NO",TRUE,"average",41,89.5
"732",4,192,FALSE,"YES",TRUE,"average",192,81
"733",2.5,53,TRUE,"NO",TRUE,"loud",53,105
"735",3.5,44,FALSE,"YES",TRUE,"average",44,92
"736",4,205,FALSE,"YES",TRUE,"average",205,86
"739",4,64,TRUE,"YES",TRUE,"average",64,109.5
"744",4,29,FALSE,"NO",TRUE,"very_loud",29,105
"745",4.5,36,TRUE,"YES",FALSE,"quiet",36,49
"756",3.5,143,TRUE,"YES",TRUE,"loud",143,107
"758",3.5,116,FALSE,"YES",TRUE,"average",116,108.5
"759",3,51,TRUE,"YES",TRUE,"loud",51,115
"762",3.5,60,FALSE,"YES",TRUE,"average",60,88
"765",4,130,TRUE,"YES",TRUE,"average",130,86
"767",3.5,26,TRUE,"YES",TRUE,"loud",26,81.5
"769",4,78,FALSE,"YES",TRUE,"average",78,95
"772",3.5,41,TRUE,"YES",TRUE,"average",41,112.5
"773",2.5,56,FALSE,"YES",TRUE,"quiet",56,73.5
"774",3,46,TRUE,"YES",TRUE,"average",46,91
"776",4,115,TRUE,"YES",TRUE,"average",115,109
"778",2.5,478,TRUE,"NO",TRUE,"average",478,86.5
"780",4,62,FALSE,"YES",TRUE,"average",62,84
"783",3,113,TRUE,"YES",TRUE,"average",113,108
"784",3.5,230,TRUE,"YES",TRUE,"loud",230,85
"785",4,19,TRUE,"YES",TRUE,"average",19,104
"787",3,43,TRUE,"NO",TRUE,"loud",43,74
"789",3,62,TRUE,"YES",TRUE,"average",62,79
"790",4,70,TRUE,"NO",TRUE,"average",70,34
"792",3.5,34,TRUE,"YES",TRUE,"average",34,39
"793",3.5,31,TRUE,"NO",TRUE,"average",31,88
"794",3,14,TRUE,"YES",FALSE,"quiet",14,65
"795",3.5,64,TRUE,"YES",TRUE,"average",64,81
"799",4.5,57,TRUE,"YES",TRUE,"average",57,58
"800",4.5,18,TRUE,"YES",FALSE,"average",18,43.5
"805",2.5,14,FALSE,"YES",TRUE,"average",14,88
"807",3.5,149,FALSE,"YES",TRUE,"average",149,76.5
"809",3.5,31,TRUE,"YES",TRUE,"average",31,100
"810",4,79,TRUE,"YES",TRUE,"loud",79,75.5
"814",3.5,9,TRUE,"NO",TRUE,"average",9,40
"817",4,49,FALSE,"NO",TRUE,"average",49,70
"818",3,176,TRUE,"YES",TRUE,"average",176,93
"819",3,67,TRUE,"YES",TRUE,"loud",67,105
"823",3.5,187,TRUE,"YES",TRUE,"average",187,79
"824",4,237,TRUE,"YES",FALSE,"average",237,76
"825",4,319,TRUE,"YES",TRUE,"loud",319,89
"826",4,7,FALSE,"NO",TRUE,"quiet",7,76
"829",4,24,TRUE,"NO",TRUE,"average",24,42
"831",4,24,TRUE,"YES",TRUE,"quiet",24,75
"833",3,51,TRUE,"YES",TRUE,"average",51,61.5
"835",3.5,31,TRUE,"YES",TRUE,"average",31,101.5
"836",3,31,FALSE,"YES",TRUE,"average",31,101
"842",3,39,FALSE,"YES",TRUE,"average",39,51.5
"844",3,19,TRUE,"YES",TRUE,"average",19,90.8833333333333
"845",4,36,TRUE,"YES",TRUE,"quiet",36,60
"846",3.5,30,TRUE,"YES",TRUE,"average",30,90
"849",4.5,75,TRUE,"YES",FALSE,"average",75,85.5
"851",4,48,TRUE,"YES",TRUE,"average",48,54
"852",3.5,26,TRUE,"YES",TRUE,"average",26,39
"853",4,557,TRUE,"YES",TRUE,"average",557,93
"854",4,153,TRUE,"YES",TRUE,"average",153,73
"858",3,21,TRUE,"YES",FALSE,"average",21,80
"859",4,56,TRUE,"YES",TRUE,"average",56,23
"860",4,96,TRUE,"YES",TRUE,"loud",96,88
"861",3,220,FALSE,"YES",TRUE,"average",220,43
"862",3,5,FALSE,"NO",TRUE,"loud",5,30
"864",3.5,299,TRUE,"YES",TRUE,"average",299,71
"865",3,33,TRUE,"YES",FALSE,"quiet",33,70
"868",4.5,171,TRUE,"YES",FALSE,"average",171,63
"871",3,11,TRUE,"NO",TRUE,"loud",11,105
"873",4,88,TRUE,"YES",TRUE,"average",88,38
"874",2.5,3,TRUE,"YES",TRUE,"average",3,67
"875",4,35,TRUE,"YES",TRUE,"quiet",35,111
"876",2.5,67,TRUE,"NO",TRUE,"average",67,87
"877",3,91,FALSE,"YES",TRUE,"average",91,90
"879",3,50,FALSE,"YES",TRUE,"loud",50,103
"880",4,12,FALSE,"NO",TRUE,"average",12,100
"881",4,78,TRUE,"YES",TRUE,"average",78,106
"882",3,76,TRUE,"YES",TRUE,"average",76,105
"883",3.5,79,TRUE,"YES",TRUE,"average",79,62
"884",3,29,TRUE,"NO",TRUE,"average",29,58.5
"886",3.5,152,TRUE,"YES",TRUE,"average",152,109
"887",4,167,TRUE,"YES",TRUE,"average",167,61
"891",3.5,83,TRUE,"YES",TRUE,"average",83,67.5
"893",3.5,53,TRUE,"YES",TRUE,"average",53,92.5
"894",3.5,174,FALSE,"YES",TRUE,"average",174,79
"895",4,7,FALSE,"YES",TRUE,"average",7,118
"896",4,80,TRUE,"YES",TRUE,"average",80,83
"900",4.5,76,FALSE,"YES",FALSE,"average",76,34
"901",2.5,18,TRUE,"YES",TRUE,"very_loud",18,30
"904",4,11,TRUE,"YES",TRUE,"average",11,52
"906",4.5,676,TRUE,"YES",TRUE,"average",676,94.5
"907",4,1372,TRUE,"YES",TRUE,"loud",1372,109
"911",3.5,140,TRUE,"YES",TRUE,"loud",140,92
"913",4,18,FALSE,"YES",TRUE,"average",18,73
"914",4,71,TRUE,"YES",TRUE,"average",71,64
"916",4,123,TRUE,"YES",TRUE,"average",123,65
"918",4.5,14,FALSE,"NO",TRUE,"average",14,64
"919",3,133,TRUE,"YES",TRUE,"loud",133,78.5
"920",3.5,42,TRUE,"YES",TRUE,"average",42,68
"921",4,54,TRUE,"YES",TRUE,"very_loud",54,68.5
"923",4,53,FALSE,"YES",TRUE,"quiet",53,32
"924",3.5,116,FALSE,"YES",TRUE,"loud",116,54
"928",3,62,FALSE,"YES",TRUE,"average",62,79
"929",4,12,TRUE,"YES",TRUE,"average",12,77
"930",4,41,TRUE,"YES",TRUE,"average",41,85
"931",3,39,FALSE,"YES",FALSE,"quiet",39,91
"934",4,88,TRUE,"YES",FALSE,"average",88,65
"935",2.5,10,TRUE,"YES",TRUE,"average",10,38.5
"937",3,18,TRUE,"YES",TRUE,"average",18,106
"939",4.5,37,TRUE,"YES",TRUE,"average",37,104
"941",3.5,98,TRUE,"YES",TRUE,"average",98,106.5
"945",4,18,TRUE,"NO",TRUE,"quiet",18,40
"949",4,247,TRUE,"YES",FALSE,"average",247,44
"950",3.5,24,TRUE,"NO",FALSE,"average",24,64
"952",3,153,TRUE,"YES",TRUE,"average",153,74
"953",3.5,303,TRUE,"YES",TRUE,"average",303,86.5
"955",4,163,TRUE,"YES",TRUE,"average",163,56
"958",3.5,29,TRUE,"YES",TRUE,"very_loud",29,43
"959",3,13,TRUE,"NO",TRUE,"very_loud",13,94.5
"960",4,470,TRUE,"YES",TRUE,"loud",470,59
"962",3,22,TRUE,"NO",TRUE,"average",22,100
"963",3.5,39,TRUE,"YES",TRUE,"quiet",39,75.5
"964",3.5,288,FALSE,"YES",TRUE,"average",288,89
"967",4,82,TRUE,"YES",TRUE,"average",82,85.5
"968",3.5,19,TRUE,"NO",TRUE,"average",19,100
"970",4.5,26,TRUE,"YES",TRUE,"average",26,22
"977",4.5,153,TRUE,"YES",FALSE,"average",153,54
"978",4,91,TRUE,"YES",TRUE,"average",91,69
"981",3.5,250,TRUE,"YES",TRUE,"loud",250,93
"982",3,30,TRUE,"NO",TRUE,"average",30,101
"989",3,116,TRUE,"YES",TRUE,"quiet",116,31.5
"990",4.5,84,FALSE,"YES",TRUE,"average",84,61
"992",2,30,TRUE,"NO",TRUE,"average",30,75.5
"997",4.5,116,TRUE,"YES",TRUE,"average",116,98
"1000",3,10,TRUE,"YES",TRUE,"very_loud",10,97
"1002",4.5,130,TRUE,"YES",FALSE,"quiet",130,74.5
"1003",3.5,167,FALSE,"YES",TRUE,"average",167,41
"1004",2.5,30,TRUE,"YES",TRUE,"average",30,22
"1009",3.5,255,TRUE,"YES",TRUE,"average",255,103
"1010",1.5,19,FALSE,"NO",TRUE,"average",19,70
"1011",3,34,TRUE,"YES",TRUE,"average",34,94
"1012",3.5,26,TRUE,"YES",TRUE,"average",26,96
"1013",3,20,TRUE,"YES",TRUE,"average",20,84
"1017",4,115,TRUE,"YES",TRUE,"loud",115,100
"1019",4.5,88,TRUE,"YES",TRUE,"average",88,63
"1020",4,229,TRUE,"YES",TRUE,"average",229,82.5
"1021",2,23,FALSE,"YES",TRUE,"loud",23,71
"1023",3.5,3,TRUE,"NO",TRUE,"average",3,101
"1024",4,156,TRUE,"YES",FALSE,"average",156,39
"1025",3,111,TRUE,"YES",TRUE,"average",111,38
"1029",3.5,28,FALSE,"YES",TRUE,"average",28,92
"1030",4,85,FALSE,"YES",TRUE,"average",85,105
"1031",4,56,FALSE,"NO",TRUE,"average",56,83
"1034",4,184,TRUE,"YES",TRUE,"quiet",184,46.5
"1035",3,160,TRUE,"YES",TRUE,"average",160,102
"1036",3.5,286,TRUE,"YES",TRUE,"average",286,78
"1037",3,83,TRUE,"YES",TRUE,"average",83,92
"1038",3.5,55,FALSE,"YES",TRUE,"average",55,92
"1040",3,26,TRUE,"YES",TRUE,"very_loud",26,56.5
"1041",3.5,138,TRUE,"YES",TRUE,"average",138,82
"1043",4,220,TRUE,"YES",TRUE,"loud",220,105.5
"1048",2,7,TRUE,"YES",TRUE,"quiet",7,66.5
"1052",3,127,FALSE,"YES",TRUE,"average",127,81
"1056",4.5,3,FALSE,"NO",TRUE,"average",3,68
"1060",4,154,TRUE,"YES",TRUE,"average",154,75.5
"1063",3.5,38,TRUE,"YES",TRUE,"average",38,91
"1064",3.5,9,TRUE,"NO",FALSE,"average",9,84
"1065",3.5,38,TRUE,"YES",FALSE,"average",38,37.5
"1066",4,834,TRUE,"YES",TRUE,"average",834,98
"1070",3.5,24,FALSE,"NO",TRUE,"average",24,92
"1073",4,146,TRUE,"NO",TRUE,"loud",146,65.5
"1078",4,13,FALSE,"YES",TRUE,"average",13,86.5
"1083",4.5,30,TRUE,"YES",TRUE,"average",30,13
"1084",2,67,TRUE,"YES",TRUE,"average",67,91
"1086",3.5,35,TRUE,"YES",TRUE,"loud",35,102
"1087",4,83,TRUE,"YES",TRUE,"average",83,32
"1088",3.5,55,TRUE,"YES",TRUE,"average",55,41
"1091",3.5,197,TRUE,"YES",TRUE,"loud",197,27
"1092",3.5,183,TRUE,"YES",TRUE,"average",183,83
"1093",4.5,97,TRUE,"YES",FALSE,"average",97,6
"1094",4.5,9,TRUE,"YES",TRUE,"loud",9,98
"1096",2.5,13,TRUE,"NO",TRUE,"average",13,101.5
"1098",3.5,73,TRUE,"YES",FALSE,"average",73,37
"1099",3.5,101,TRUE,"YES",TRUE,"loud",101,112
"1100",3,34,TRUE,"YES",TRUE,"average",34,108.5
"1106",2.5,39,TRUE,"YES",TRUE,"average",39,77
"1107",4.5,126,TRUE,"YES",TRUE,"quiet",126,65
"1108",3.5,36,TRUE,"YES",TRUE,"average",36,65
"1109",4,16,TRUE,"YES",TRUE,"very_loud",16,69.5
"1110",4,28,FALSE,"YES",TRUE,"average",28,103
"1114",4,73,TRUE,"YES",FALSE,"average",73,53
"1115",4,235,TRUE,"YES",TRUE,"average",235,60
"1116",2,37,TRUE,"YES",TRUE,"average",37,101
"1120",4,44,TRUE,"YES",TRUE,"average",44,73.5
"1121",4.5,398,FALSE,"YES",TRUE,"average",398,108
"1126",3.5,14,TRUE,"NO",TRUE,"average",14,50.5
"1127",4,190,TRUE,"YES",TRUE,"average",190,33
"1128",4,81,TRUE,"NO",TRUE,"quiet",81,58
"1129",3.5,38,TRUE,"YES",TRUE,"average",38,133
"1130",4,795,TRUE,"YES",TRUE,"very_loud",795,102
"1132",3.5,12,TRUE,"YES",TRUE,"quiet",12,44
"1133",4,137,TRUE,"YES",TRUE,"average",137,60
"1134",4.5,140,TRUE,"YES",FALSE,"quiet",140,83
"1135",4,172,TRUE,"YES",TRUE,"average",172,82
"1139",3.5,11,TRUE,"YES",TRUE,"average",11,72
"1142",3.5,29,TRUE,"YES",TRUE,"average",29,40
"1143",3.5,149,TRUE,"YES",TRUE,"average",149,128.5
"1144",4.5,590,FALSE,"YES",FALSE,"average",590,55
"1145",4,444,TRUE,"YES",TRUE,"average",444,78
"1147",4.5,79,TRUE,"YES",TRUE,"average",79,67
"1148",4,92,TRUE,"YES",TRUE,"average",92,114.5
"1149",3.5,59,TRUE,"YES",TRUE,"quiet",59,63
"1154",3,86,FALSE,"YES",TRUE,"average",86,83
"1159",3.5,75,FALSE,"YES",TRUE,"average",75,87.5
"1162",4,10,FALSE,"YES",TRUE,"quiet",10,104
"1165",2.5,45,FALSE,"YES",TRUE,"average",45,87
"1167",4.5,134,TRUE,"YES",TRUE,"average",134,64
"1168",3.5,173,TRUE,"YES",TRUE,"average",173,83
"1171",2.5,111,FALSE,"YES",TRUE,"average",111,77
"1173",3.5,100,FALSE,"YES",TRUE,"loud",100,42.75
"1175",4,27,TRUE,"NO",TRUE,"loud",27,87.5
"1176",3.5,42,TRUE,"NO",TRUE,"very_loud",42,45
"1180",3,49,FALSE,"YES",TRUE,"average",49,92
"1181",4,351,TRUE,"YES",TRUE,"average",351,77
"1182",2.5,58,FALSE,"YES",TRUE,"average",58,105
"1183",2.5,29,TRUE,"NO",TRUE,"average",29,100
"1186",4.5,92,FALSE,"YES",TRUE,"average",92,75.5
"1187",4,218,TRUE,"YES",TRUE,"average",218,67
"1188",3.5,590,TRUE,"YES",TRUE,"average",590,106
"1193",2.5,36,FALSE,"YES",TRUE,"average",36,79
"1197",2.5,15,TRUE,"YES",TRUE,"average",15,97
"1198",3.5,36,TRUE,"YES",TRUE,"average",36,82
"1200",3.5,79,TRUE,"YES",TRUE,"average",79,99
"1201",3.5,88,TRUE,"YES",TRUE,"average",88,84.5
"1203",4,35,TRUE,"YES",FALSE,"loud",35,40
"1204",4.5,225,TRUE,"YES",TRUE,"average",225,36
"1205",4.5,223,TRUE,"YES",TRUE,"average",223,100
"1206",4.5,56,TRUE,"YES",TRUE,"average",56,56
"1208",3.5,20,FALSE,"YES",TRUE,"loud",20,70
"1209",2.5,53,FALSE,"YES",TRUE,"average",53,85
"1210",3,142,FALSE,"NO",TRUE,"average",142,111
"1212",3.5,91,TRUE,"YES",TRUE,"average",91,105
"1217",3,93,TRUE,"YES",TRUE,"average",93,78
"1219",3,11,FALSE,"YES",TRUE,"very_loud",11,20
"1222",4.5,130,TRUE,"YES",TRUE,"average",130,45
"1224",2.5,56,TRUE,"NO",TRUE,"loud",56,108.5
"1227",4,75,TRUE,"YES",TRUE,"loud",75,131
"1229",2.5,34,FALSE,"YES",TRUE,"average",34,100
"1231",4,22,TRUE,"YES",TRUE,"loud",22,50
"1232",4.5,91,TRUE,"NO",TRUE,"average",91,96
"1233",3,91,TRUE,"YES",TRUE,"average",91,82
"1234",4.5,113,FALSE,"YES",TRUE,"loud",113,52
"1236",3.5,394,TRUE,"YES",FALSE,"average",394,80
"1238",4,76,TRUE,"YES",TRUE,"average",76,116
"1239",3.5,40,TRUE,"YES",TRUE,"average",40,105
"1240",4,84,TRUE,"YES",TRUE,"average",84,39
"1241",3.5,139,TRUE,"YES",TRUE,"average",139,79
"1244",4,444,TRUE,"YES",TRUE,"average",444,80
"1245",4.5,260,FALSE,"YES",TRUE,"average",260,70.5
"1248",4.5,82,FALSE,"NO",TRUE,"quiet",82,76.5
"1249",4,24,FALSE,"YES",TRUE,"average",24,89
"1253",3,45,TRUE,"YES",TRUE,"average",45,85
"1256",4,39,FALSE,"YES",TRUE,"quiet",39,74
"1257",4,177,TRUE,"YES",TRUE,"average",177,75
"1260",3,84,TRUE,"YES",TRUE,"average",84,120.5
"1266",3,54,TRUE,"YES",TRUE,"average",54,90
"1267",4,92,TRUE,"YES",TRUE,"average",92,79
"1269",3,38,FALSE,"YES",TRUE,"loud",38,87
"1271",4,20,FALSE,"YES",TRUE,"average",20,28
"1272",3.5,47,TRUE,"YES",TRUE,"average",47,94
"1274",4,43,TRUE,"YES",TRUE,"average",43,106
"1275",4.5,7,TRUE,"NO",TRUE,"quiet",7,98
"1281",3.5,5,TRUE,"NO",TRUE,"very_loud",5,40
"1283",3.5,4,FALSE,"NO",TRUE,"average",4,98
"1285",3.5,58,FALSE,"YES",TRUE,"average",58,92
"1286",4,35,TRUE,"NO",TRUE,"average",35,56
"1287",3,42,TRUE,"YES",TRUE,"average",42,75.25
"1288",3.5,7,TRUE,"YES",TRUE,"very_loud",7,59
"1289",2.5,53,TRUE,"NO",TRUE,"average",53,93
"1291",3.5,122,TRUE,"YES",TRUE,"average",122,102
"1292",4.5,245,TRUE,"YES",TRUE,"average",245,36
"1293",4.5,77,FALSE,"YES",TRUE,"loud",77,67
"1295",4,9,FALSE,"YES",FALSE,"very_loud",9,106
"1297",4,96,TRUE,"YES",TRUE,"average",96,85
"1298",3,13,TRUE,"YES",TRUE,"average",13,50
"1300",2.5,39,FALSE,"YES",TRUE,"average",39,53.5
"1302",3.5,158,TRUE,"YES",TRUE,"average",158,95
"1304",3.5,67,TRUE,"YES",TRUE,"loud",67,108
"1306",4,20,TRUE,"YES",TRUE,"average",20,107
"1307",4.5,57,TRUE,"NO",FALSE,"average",57,67
"1308",4.5,353,TRUE,"YES",TRUE,"average",353,79
"1309",3.5,15,TRUE,"YES",TRUE,"average",15,91
"1310",3,94,TRUE,"YES",TRUE,"average",94,78
"1312",3,11,TRUE,"YES",TRUE,"average",11,71
"1313",3.5,45,TRUE,"YES",TRUE,"average",45,108.5
"1317",3.5,44,FALSE,"YES",TRUE,"average",44,104
"1318",3.5,186,FALSE,"YES",TRUE,"average",186,43
"1320",3,59,TRUE,"NO",TRUE,"average",59,77.5
"1322",3.5,29,TRUE,"YES",TRUE,"loud",29,134
"1323",4.5,133,TRUE,"NO",TRUE,"quiet",133,46.5
"1324",3,13,TRUE,"NO",TRUE,"average",13,108.5
"1326",3.5,67,TRUE,"YES",TRUE,"average",67,41
"1327",3.5,120,TRUE,"YES",FALSE,"average",120,43
"1329",4.5,49,TRUE,"NO",TRUE,"quiet",49,34
"1330",4.5,93,TRUE,"YES",TRUE,"average",93,79
"1331",3.5,126,TRUE,"YES",FALSE,"average",126,35.5
"1335",3.5,47,TRUE,"YES",TRUE,"average",47,63.5
"1336",4,343,TRUE,"YES",TRUE,"average",343,95.1666666666667
"1338",3.5,24,TRUE,"YES",TRUE,"average",24,73
"1342",3.5,191,FALSE,"YES",TRUE,"average",191,97
"1348",3.5,214,TRUE,"YES",FALSE,"loud",214,53
"1350",4.5,21,TRUE,"YES",TRUE,"quiet",21,52
"1352",3,70,FALSE,"YES",TRUE,"average",70,79
"1354",4.5,35,TRUE,"YES",FALSE,"average",35,82
"1355",4.5,5,FALSE,"NO",FALSE,"average",5,25
"1356",4,135,TRUE,"YES",TRUE,"average",135,37
"1359",4,466,TRUE,"YES",FALSE,"average",466,51
"1360",2.5,7,FALSE,"YES",TRUE,"average",7,88.5
"1361",4,115,TRUE,"YES",TRUE,"quiet",115,75
"1362",3,137,TRUE,"YES",TRUE,"loud",137,87
"1365",4,281,TRUE,"YES",FALSE,"average",281,70
"1366",3.5,47,TRUE,"YES",TRUE,"quiet",47,105
"1367",2.5,16,TRUE,"YES",TRUE,"very_loud",16,90
"1368",3.5,53,TRUE,"NO",TRUE,"average",53,74
"1370",4.5,46,FALSE,"YES",TRUE,"quiet",46,70
"1373",4,27,TRUE,"YES",TRUE,"average",27,70
"1374",3,19,TRUE,"YES",TRUE,"average",19,74
"1375",3.5,145,TRUE,"YES",TRUE,"loud",145,62
"1377",2,38,FALSE,"YES",TRUE,"very_loud",38,88
"1378",4,72,TRUE,"NO",FALSE,"average",72,80.5
"1379",2.5,55,TRUE,"YES",TRUE,"average",55,98
"1380",3,82,FALSE,"YES",TRUE,"loud",82,82.5
"1382",4,49,TRUE,"YES",TRUE,"average",49,105
"1385",4,158,TRUE,"YES",FALSE,"average",158,32
"1389",4,6,TRUE,"YES",FALSE,"loud",6,48
"1392",4,39,TRUE,"YES",TRUE,"loud",39,44
"1395",2.5,37,TRUE,"YES",TRUE,"average",37,101
"1405",4,140,TRUE,"YES",TRUE,"average",140,82
"1406",3,97,TRUE,"YES",TRUE,"average",97,97
"1407",3.5,42,TRUE,"YES",FALSE,"average",42,57
"1408",3.5,123,TRUE,"YES",TRUE,"average",123,78
"1409",4.5,307,TRUE,"YES",FALSE,"average",307,61.5
"1412",4.5,549,TRUE,"YES",TRUE,"average",549,25
"1413",3,27,FALSE,"YES",TRUE,"average",27,84
"1416",4,20,TRUE,"NO",TRUE,"loud",20,111
"1417",2.5,51,TRUE,"YES",FALSE,"average",51,168
"1418",4.5,210,TRUE,"NO",FALSE,"average",210,77
"1421",3,90,TRUE,"YES",TRUE,"average",90,77.5
"1423",3,43,FALSE,"YES",TRUE,"loud",43,53.5
"1428",4,77,FALSE,"YES",TRUE,"average",77,59
"1431",3.5,25,TRUE,"NO",TRUE,"loud",25,108.5
"1432",4,371,TRUE,"YES",TRUE,"average",371,70
"1433",3.5,217,TRUE,"YES",TRUE,"average",217,78
"1434",4,291,TRUE,"YES",FALSE,"average",291,94
"1435",3.5,360,TRUE,"YES",TRUE,"average",360,105
"1437",4.5,3,TRUE,"NO",TRUE,"loud",3,108
"1442",3.5,17,TRUE,"YES",TRUE,"average",17,110.5
"1443",4,237,FALSE,"YES",TRUE,"average",237,35
"1444",4.5,53,TRUE,"NO",TRUE,"average",53,44
"1447",4,98,TRUE,"YES",TRUE,"average",98,57
"1448",4,194,TRUE,"YES",TRUE,"average",194,63.5
"1449",4.5,19,TRUE,"YES",TRUE,"average",19,61
"1450",3.5,25,TRUE,"YES",TRUE,"very_loud",25,63
"1451",4,11,TRUE,"YES",TRUE,"very_loud",11,26
"1452",2.5,55,TRUE,"YES",TRUE,"average",55,86
"1457",3.5,50,TRUE,"YES",TRUE,"loud",50,108.5
"1458",4.5,169,TRUE,"YES",FALSE,"average",169,43
"1460",3.5,243,TRUE,"YES",TRUE,"average",243,89
"1461",3.5,34,TRUE,"NO",TRUE,"average",34,126
"1468",4,21,TRUE,"YES",TRUE,"very_loud",21,47
"1471",4,98,TRUE,"YES",FALSE,"average",98,70
"1475",4.5,45,TRUE,"YES",TRUE,"quiet",45,69
"1477",4.5,176,FALSE,"NO",TRUE,"loud",176,74
"1478",3.5,64,TRUE,"YES",TRUE,"average",64,85
"1481",3,126,TRUE,"YES",TRUE,"average",126,85
"1483",4.5,58,TRUE,"YES",FALSE,"average",58,70
"1484",4,188,TRUE,"YES",FALSE,"average",188,77
"1494",2.5,44,TRUE,"YES",TRUE,"average",44,105
"1495",2.5,41,TRUE,"YES",TRUE,"average",41,98
"1496",3,33,TRUE,"YES",TRUE,"average",33,64
"1497",4,30,TRUE,"YES",TRUE,"average",30,79
"1498",4,229,FALSE,"YES",TRUE,"average",229,85
"1499",4,74,TRUE,"YES",FALSE,"loud",74,55
"1501",4.5,72,TRUE,"YES",TRUE,"average",72,71
"1504",4,102,TRUE,"YES",TRUE,"average",102,57
"1505",3.5,84,TRUE,"YES",TRUE,"average",84,62
"1506",2.5,15,FALSE,"NO",TRUE,"average",15,101
"1507",4,479,TRUE,"YES",TRUE,"average",479,52.5
"1508",3,220,TRUE,"YES",TRUE,"loud",220,53
"1512",3.5,15,TRUE,"YES",TRUE,"loud",15,78
"1514",3.5,26,FALSE,"YES",TRUE,"average",26,34
"1516",3.5,7,FALSE,"YES",TRUE,"average",7,97.5
"1519",4,30,TRUE,"YES",TRUE,"average",30,54
"1520",3.5,325,FALSE,"YES",TRUE,"average",325,101
"1523",4.5,98,TRUE,"YES",FALSE,"average",98,57
"1524",3.5,158,TRUE,"YES",TRUE,"very_loud",158,54
"1525",3.5,106,TRUE,"YES",TRUE,"average",106,107
"1526",3.5,18,TRUE,"YES",TRUE,"average",18,103
"1527",2.5,126,TRUE,"YES",TRUE,"average",126,108
"1528",3.5,25,FALSE,"YES",TRUE,"average",25,98.5
"1529",4,69,TRUE,"YES",TRUE,"average",69,89
"1530",3.5,98,FALSE,"YES",TRUE,"average",98,41
"1533",3,159,TRUE,"YES",TRUE,"average",159,78
"1534",4.5,116,TRUE,"YES",TRUE,"average",116,85
"1537",2.5,109,TRUE,"YES",TRUE,"average",109,105
"1538",4,98,FALSE,"YES",TRUE,"average",98,81
"1539",3.5,30,TRUE,"YES",FALSE,"average",30,75
"1542",3,17,TRUE,"YES",FALSE,"average",17,78
"1543",3,59,TRUE,"YES",FALSE,"average",59,77
"1545",4,30,FALSE,"YES",TRUE,"very_loud",30,83
"1546",3,25,TRUE,"YES",TRUE,"loud",25,108.5
"1547",4.5,170,TRUE,"YES",TRUE,"average",170,93
"1551",3.5,185,TRUE,"YES",TRUE,"average",185,85
"1555",3.5,64,FALSE,"NO",TRUE,"average",64,70
"1559",3.5,75,TRUE,"YES",TRUE,"average",75,98
"1562",3.5,49,TRUE,"YES",TRUE,"average",49,95
"1564",3,127,TRUE,"YES",TRUE,"average",127,97
"1565",3.5,59,FALSE,"YES",TRUE,"average",59,79
"1566",3.5,27,TRUE,"YES",TRUE,"average",27,105
"1570",3.5,41,FALSE,"YES",TRUE,"average",41,114
"1572",3,48,TRUE,"YES",TRUE,"average",48,95
"1574",4.5,38,FALSE,"NO",TRUE,"quiet",38,48.5
"1577",3,22,FALSE,"YES",TRUE,"loud",22,64.5
"1579",4,90,FALSE,"YES",TRUE,"average",90,72
"1581",2,85,TRUE,"YES",TRUE,"loud",85,91
"1582",2,38,FALSE,"YES",TRUE,"very_loud",38,101
"1585",2.5,32,TRUE,"YES",TRUE,"very_loud",32,105
"1586",3.5,12,TRUE,"YES",TRUE,"average",12,114.5
"1588",3.5,132,TRUE,"YES",TRUE,"loud",132,85
"1589",3.5,43,FALSE,"YES",TRUE,"average",43,64.5
"1590",4.5,274,FALSE,"YES",TRUE,"average",274,40
"1593",3,58,TRUE,"YES",TRUE,"average",58,92
"1594",3.5,23,TRUE,"NO",TRUE,"average",23,101
"1595",4,72,TRUE,"YES",TRUE,"loud",72,117
"1596",4,702,TRUE,"YES",TRUE,"average",702,118.5
"1597",4,23,TRUE,"YES",TRUE,"average",23,98
"1598",4,143,TRUE,"YES",TRUE,"average",143,105
"1599",3.5,88,TRUE,"YES",TRUE,"quiet",88,70.5
"1601",3.5,27,TRUE,"YES",TRUE,"average",27,51
"1606",3,50,TRUE,"YES",TRUE,"average",50,94
"1608",3,14,TRUE,"YES",TRUE,"quiet",14,110
"1609",4.5,14,TRUE,"NO",FALSE,"quiet",14,53.25
"1610",3.5,18,TRUE,"NO",TRUE,"average",18,93
"1613",3,45,TRUE,"YES",TRUE,"average",45,80
"1616",4,31,TRUE,"YES",TRUE,"quiet",31,30
"1617",3.5,13,TRUE,"NO",TRUE,"average",13,107.5
"1623",3.5,20,TRUE,"YES",TRUE,"average",20,93
"1625",3,76,TRUE,"YES",TRUE,"average",76,87
"1629",4.5,171,TRUE,"YES",TRUE,"average",171,74
"1630",3.5,225,TRUE,"YES",TRUE,"average",225,31
"1633",2.5,28,TRUE,"YES",TRUE,"loud",28,108.5
"1634",3.5,88,TRUE,"YES",TRUE,"very_loud",88,66
"1637",3.5,133,TRUE,"YES",TRUE,"loud",133,54
"1643",3.5,289,TRUE,"YES",TRUE,"average",289,64
"1644",4,13,TRUE,"NO",FALSE,"quiet",13,40
"1645",4,60,TRUE,"YES",TRUE,"average",60,73
"1646",3.5,327,TRUE,"YES",TRUE,"loud",327,108
"1649",3.5,138,FALSE,"YES",TRUE,"average",138,78.5
"1650",2,28,TRUE,"YES",TRUE,"average",28,98
"1651",3,133,TRUE,"YES",TRUE,"average",133,105
"1654",4.5,256,TRUE,"YES",FALSE,"average",256,89
"1655",3.5,802,FALSE,"YES",TRUE,"loud",802,102
"1657",3.5,36,TRUE,"YES",FALSE,"average",36,78
"1659",3.5,125,TRUE,"YES",TRUE,"average",125,75
"1660",3.5,30,TRUE,"YES",TRUE,"average",30,96.5
"1663",3,85,FALSE,"YES",TRUE,"very_loud",85,77
"1665",4,32,TRUE,"YES",TRUE,"average",32,74
"1668",3.5,92,TRUE,"YES",FALSE,"average",92,103.5
"1671",3.5,54,TRUE,"YES",TRUE,"average",54,73.5
"1672",3.5,104,TRUE,"YES",TRUE,"average",104,85
"1673",4,207,TRUE,"YES",TRUE,"average",207,39
"1677",3,266,TRUE,"YES",TRUE,"average",266,95
"1678",3,114,TRUE,"YES",TRUE,"loud",114,101
"1680",2.5,35,FALSE,"YES",TRUE,"loud",35,105
"1681",3.5,34,TRUE,"YES",TRUE,"loud",34,99
"1686",4,41,FALSE,"YES",TRUE,"average",41,77
"1687",3.5,52,TRUE,"YES",FALSE,"average",52,65.5
"1688",4,14,TRUE,"NO",FALSE,"quiet",14,76.5
"1693",4,18,TRUE,"YES",TRUE,"loud",18,129
"1694",4,105,TRUE,"YES",FALSE,"average",105,36.5
"1697",4,8,TRUE,"NO",TRUE,"average",8,117
"1698",3,55,TRUE,"YES",TRUE,"average",55,51
"1701",4,266,TRUE,"YES",TRUE,"average",266,57
"1702",4,246,TRUE,"YES",TRUE,"average",246,83
"1704",3,14,TRUE,"YES",TRUE,"average",14,102
"1706",3.5,272,TRUE,"YES",TRUE,"loud",272,84
"1707",3,23,TRUE,"YES",TRUE,"loud",23,107.5
"1709",4,13,TRUE,"NO",TRUE,"very_loud",13,10
"1712",3,60,TRUE,"NO",TRUE,"very_loud",60,93
"1716",3.5,81,TRUE,"YES",FALSE,"average",81,54.5
"1717",4,115,FALSE,"YES",TRUE,"quiet",115,78.5
"1718",4,41,TRUE,"YES",TRUE,"average",41,105
"1719",4,140,TRUE,"YES",TRUE,"loud",140,76
"1720",3.5,51,TRUE,"YES",TRUE,"average",51,100
"1721",3,27,TRUE,"YES",TRUE,"quiet",27,80
"1726",4,84,TRUE,"YES",TRUE,"average",84,88
"1729",4,452,TRUE,"YES",TRUE,"average",452,55.5
"1731",4.5,40,FALSE,"NO",TRUE,"quiet",40,58
"1733",2.5,29,TRUE,"YES",TRUE,"average",29,62
"1735",3.5,161,TRUE,"YES",TRUE,"average",161,68
"1736",4,175,TRUE,"YES",TRUE,"average",175,73
"1737",3.5,26,TRUE,"YES",TRUE,"average",26,104
"1739",5,5,FALSE,"YES",FALSE,"average",5,37.5
"1740",4,57,FALSE,"YES",TRUE,"average",57,53
"1741",4,120,TRUE,"YES",TRUE,"quiet",120,34.5
"1742",3,67,FALSE,"YES",TRUE,"average",67,71
"1743",4.5,15,TRUE,"YES",FALSE,"quiet",15,60
"1744",3.5,29,TRUE,"YES",TRUE,"average",29,79
"1747",3.5,159,TRUE,"YES",TRUE,"average",159,91
"1748",4,42,TRUE,"YES",TRUE,"loud",42,88
"1751",3,11,TRUE,"YES",TRUE,"loud",11,112
"1752",3.5,31,TRUE,"YES",TRUE,"average",31,101.5
"1755",4,51,TRUE,"YES",TRUE,"average",51,52
"1758",3.5,150,TRUE,"YES",TRUE,"average",150,87
"1759",4.5,44,TRUE,"YES",TRUE,"quiet",44,82
"1761",2,62,TRUE,"YES",TRUE,"loud",62,93
"1766",2.5,256,TRUE,"NO",TRUE,"loud",256,88
"1768",3.5,399,TRUE,"YES",TRUE,"loud",399,77
"1769",3.5,12,FALSE,"NO",TRUE,"loud",12,81
"1772",3.5,32,FALSE,"NO",TRUE,"average",32,97
"1773",4,54,TRUE,"NO",TRUE,"average",54,91.5
"1777",4,99,TRUE,"YES",TRUE,"average",99,88
"1780",4,438,TRUE,"YES",TRUE,"average",438,88
"1783",2,73,TRUE,"YES",TRUE,"very_loud",73,106
"1784",3,44,TRUE,"NO",TRUE,"loud",44,94
"1786",3.5,33,FALSE,"NO",TRUE,"very_loud",33,93
"1789",4,44,TRUE,"YES",TRUE,"very_loud",44,82
"1790",3.5,50,TRUE,"YES",TRUE,"very_loud",50,95
"1792",4,36,FALSE,"YES",TRUE,"average",36,93
"1795",4.5,450,TRUE,"YES",FALSE,"average",450,50
"1796",3.5,454,FALSE,"YES",TRUE,"loud",454,110
"1799",4,30,TRUE,"YES",TRUE,"average",30,64
"1800",4,88,TRUE,"YES",FALSE,"average",88,18
"1801",2,6,TRUE,"YES",TRUE,"average",6,108.5
"1802",3,79,TRUE,"YES",TRUE,"very_loud",79,101
"1803",3.5,115,TRUE,"YES",TRUE,"average",115,47
"1807",3.5,36,TRUE,"YES",TRUE,"loud",36,100
"1809",4.5,27,FALSE,"YES",TRUE,"average",27,41
"1810",4,162,TRUE,"YES",TRUE,"average",162,104.5
"1813",4.5,63,TRUE,"YES",TRUE,"average",63,67
"1814",3.5,50,TRUE,"YES",TRUE,"average",50,79
"1817",3.5,96,FALSE,"YES",TRUE,"quiet",96,75.5
"1818",4,123,TRUE,"YES",TRUE,"average",123,78
"1819",3.5,82,TRUE,"YES",TRUE,"average",82,54
"1820",3.5,138,TRUE,"YES",TRUE,"average",138,106
"1823",3,104,TRUE,"YES",TRUE,"average",104,86
"1825",3.5,87,TRUE,"NO",TRUE,"quiet",87,79
"1826",3,53,TRUE,"YES",TRUE,"loud",53,105
"1832",4,272,FALSE,"YES",TRUE,"average",272,73.5
"1833",3,149,TRUE,"YES",TRUE,"loud",149,114
"1834",3.5,43,TRUE,"YES",TRUE,"average",43,72
"1835",3,107,TRUE,"YES",TRUE,"average",107,97
"1836",3.5,617,FALSE,"YES",TRUE,"average",617,81
"1839",3.5,39,TRUE,"YES",TRUE,"quiet",39,45.5
"1841",4,173,FALSE,"YES",TRUE,"average",173,76
"1844",4,56,TRUE,"YES",TRUE,"loud",56,64
"1845",3.5,94,TRUE,"YES",TRUE,"average",94,92
"1847",4,192,TRUE,"YES",TRUE,"average",192,105
"1848",3.5,80,TRUE,"YES",TRUE,"average",80,70
"1849",4,112,TRUE,"YES",FALSE,"average",112,46
"1850",4.5,106,TRUE,"YES",TRUE,"average",106,51.5
"1852",4,77,TRUE,"YES",TRUE,"very_loud",77,45.5
"1854",4,9,FALSE,"YES",TRUE,"average",9,96
"1857",4,172,TRUE,"YES",TRUE,"average",172,87
"1862",2.5,51,TRUE,"YES",TRUE,"average",51,92
"1863",2.5,27,TRUE,"YES",TRUE,"average",27,96.5
"1871",4,22,TRUE,"YES",TRUE,"loud",22,86
"1872",3,4,TRUE,"NO",TRUE,"quiet",4,41
"1873",4,153,TRUE,"YES",TRUE,"average",153,70
"1874",3.5,187,TRUE,"YES",FALSE,"average",187,42
"1876",4,474,FALSE,"YES",TRUE,"average",474,36
"1877",4.5,162,TRUE,"YES",FALSE,"average",162,45
"1878",4,148,TRUE,"YES",TRUE,"loud",148,91
"1879",4.5,6,TRUE,"YES",TRUE,"quiet",6,50
"1880",4.5,106,TRUE,"YES",TRUE,"average",106,54
"1882",2.5,3,FALSE,"YES",TRUE,"average",3,105
"1883",3.5,195,TRUE,"YES",TRUE,"average",195,105
"1886",3.5,17,TRUE,"YES",TRUE,"average",17,36
"1887",4,99,TRUE,"YES",TRUE,"average",99,87
"1890",4,36,FALSE,"NO",FALSE,"average",36,64.5
"1891",4.5,138,TRUE,"YES",TRUE,"average",138,82
"1893",4.5,109,TRUE,"YES",FALSE,"average",109,95
"1898",3,11,TRUE,"YES",TRUE,"average",11,105.5
"1899",3.5,19,TRUE,"NO",TRUE,"average",19,127
"1901",3.5,80,FALSE,"YES",TRUE,"average",80,94
"1902",4,234,TRUE,"YES",TRUE,"average",234,88
"1905",4,190,TRUE,"YES",TRUE,"average",190,54
"1906",4.5,39,TRUE,"YES",TRUE,"average",39,93
"1907",3,59,TRUE,"YES",TRUE,"average",59,79
"1908",4.5,180,TRUE,"YES",FALSE,"average",180,61
"1909",2.5,96,TRUE,"YES",TRUE,"average",96,72
"1911",4,8,TRUE,"YES",TRUE,"average",8,108
"1912",4,28,FALSE,"YES",TRUE,"quiet",28,71.5
"1913",3,23,TRUE,"YES",TRUE,"average",23,108.5
"1914",3.5,114,FALSE,"YES",TRUE,"average",114,50.5
"1915",3,80,FALSE,"YES",TRUE,"loud",80,94
"1917",3.5,3,TRUE,"NO",TRUE,"loud",3,104
"1918",4,91,TRUE,"YES",TRUE,"average",91,83
"1919",3,24,TRUE,"NO",TRUE,"average",24,101
"1926",3,370,TRUE,"YES",TRUE,"loud",370,99
"1927",3,70,TRUE,"YES",TRUE,"average",70,99
"1928",4,154,TRUE,"YES",FALSE,"average",154,60
"1930",3.5,149,TRUE,"YES",TRUE,"average",149,105
"1931",4.5,52,FALSE,"YES",TRUE,"quiet",52,39.5
"1933",3,110,TRUE,"YES",TRUE,"average",110,79
"1935",3,40,FALSE,"NO",TRUE,"average",40,61.5
"1940",3,107,FALSE,"YES",TRUE,"average",107,110.5
"1942",3.5,157,TRUE,"YES",TRUE,"quiet",157,60
"1945",4,324,TRUE,"YES",TRUE,"average",324,43
"1946",3.5,27,TRUE,"YES",TRUE,"average",27,83
"1947",3.5,57,FALSE,"YES",TRUE,"average",57,107.5
"1948",4.5,15,TRUE,"NO",TRUE,"loud",15,81
"1950",3,16,TRUE,"YES",TRUE,"loud",16,102.5
"1952",3,30,FALSE,"NO",TRUE,"loud",30,97.5
"1953",3.5,26,TRUE,"YES",TRUE,"average",26,34
"1955",4,811,TRUE,"YES",TRUE,"loud",811,112
"1956",4,67,TRUE,"YES",TRUE,"average",67,52
"1958",3.5,56,TRUE,"YES",TRUE,"average",56,94
"1960",3,33,FALSE,"NO",TRUE,"average",33,77
"1963",4.5,39,TRUE,"YES",FALSE,"quiet",39,42.5
"1967",3,11,TRUE,"NO",TRUE,"average",11,65.5
"1968",3.5,9,TRUE,"YES",TRUE,"average",9,44
"1970",3.5,170,TRUE,"YES",TRUE,"average",170,89
"1977",2.5,45,TRUE,"NO",TRUE,"loud",45,51
"1979",2.5,46,TRUE,"YES",TRUE,"very_loud",46,82
"1981",3.5,152,FALSE,"YES",TRUE,"very_loud",152,38
"1982",2.5,59,TRUE,"YES",TRUE,"average",59,108.5
"1983",3,208,TRUE,"YES",TRUE,"very_loud",208,105
"1984",3.5,142,TRUE,"YES",TRUE,"average",142,79
"1986",3.5,216,TRUE,"YES",FALSE,"average",216,37
"1991",4,152,TRUE,"YES",FALSE,"average",152,51
"1993",4,255,TRUE,"YES",TRUE,"average",255,75
"1994",4.5,141,FALSE,"YES",TRUE,"average",141,91
"1996",3.5,34,TRUE,"YES",TRUE,"average",34,105
"1997",5,101,TRUE,"YES",TRUE,"quiet",101,86.5
"1998",3.5,57,TRUE,"YES",TRUE,"quiet",57,87.5
"1999",3.5,78,TRUE,"YES",TRUE,"average",78,74
"2001",3.5,85,TRUE,"YES",TRUE,"loud",85,92
"2003",3.5,149,TRUE,"YES",TRUE,"quiet",149,39
"2004",3,36,TRUE,"YES",TRUE,"average",36,78
"2006",2.5,169,TRUE,"YES",TRUE,"average",169,114
"2009",3,306,FALSE,"YES",TRUE,"loud",306,93
"2011",3.5,219,TRUE,"YES",TRUE,"average",219,108.5
"2012",3.5,300,FALSE,"YES",TRUE,"average",300,74
"2013",3.5,15,TRUE,"YES",TRUE,"average",15,91
"2014",4.5,46,TRUE,"YES",FALSE,"average",46,71
"2015",3,34,TRUE,"YES",TRUE,"average",34,92
"2017",3.5,12,TRUE,"YES",TRUE,"very_loud",12,104
"2018",3,109,TRUE,"YES",TRUE,"average",109,115
"2019",3,62,TRUE,"YES",TRUE,"average",62,87
"2022",4,11,FALSE,"NO",TRUE,"average",11,87.5
"2023",4,13,TRUE,"NO",TRUE,"quiet",13,107
"2025",4,54,TRUE,"YES",TRUE,"very_loud",54,93
"2026",2.5,67,TRUE,"NO",TRUE,"average",67,41.5
"2027",4.5,457,TRUE,"YES",TRUE,"average",457,80
"2028",3.5,35,TRUE,"YES",TRUE,"average",35,112
"2029",3.5,87,TRUE,"YES",TRUE,"average",87,97
"2030",4,7,TRUE,"NO",TRUE,"average",7,21
"2031",3.5,23,FALSE,"NO",TRUE,"average",23,104
"2033",3.5,204,TRUE,"YES",TRUE,"average",204,33
"2034",3.5,36,FALSE,"YES",TRUE,"quiet",36,111
"2041",2.5,92,TRUE,"YES",TRUE,"loud",92,117
"2044",4,11,FALSE,"NO",TRUE,"loud",11,91
"2048",4,145,TRUE,"YES",TRUE,"average",145,105
"2049",3,50,TRUE,"YES",TRUE,"quiet",50,77
"2050",4,13,TRUE,"YES",TRUE,"average",13,71
"2053",3.5,130,FALSE,"YES",TRUE,"average",130,77
"2054",3,200,TRUE,"YES",TRUE,"loud",200,106
"2056",4,96,TRUE,"YES",FALSE,"quiet",96,25
"2057",4.5,39,TRUE,"YES",TRUE,"average",39,71.5
"2058",3.5,80,TRUE,"YES",TRUE,"average",80,91
"2064",3,81,TRUE,"YES",TRUE,"average",81,79
"2065",3,34,TRUE,"YES",TRUE,"loud",34,108.5
"2066",3.5,5,TRUE,"YES",TRUE,"loud",5,75
"2067",3.5,98,TRUE,"YES",TRUE,"average",98,72
"2068",4,199,TRUE,"YES",TRUE,"average",199,67
"2069",3.5,6,FALSE,"YES",TRUE,"average",6,91.5
"2072",3,85,FALSE,"YES",TRUE,"loud",85,80
"2074",4,74,TRUE,"YES",TRUE,"loud",74,98.5
"2075",2.5,23,TRUE,"YES",TRUE,"loud",23,55
"2076",3.5,131,TRUE,"YES",FALSE,"average",131,76
"2077",3,73,FALSE,"YES",TRUE,"average",73,49.5
"2078",3.5,121,TRUE,"YES",TRUE,"average",121,88
"2079",3,75,TRUE,"YES",TRUE,"average",75,108.5
"2080",4,127,TRUE,"YES",TRUE,"average",127,78
"2081",3,88,TRUE,"YES",TRUE,"very_loud",88,66
"2083",3.5,44,TRUE,"YES",TRUE,"loud",44,55
"2084",3,182,TRUE,"YES",TRUE,"average",182,89
"2085",3.5,25,TRUE,"YES",FALSE,"loud",25,32
"2087",3.5,103,TRUE,"YES",FALSE,"quiet",103,70
"2090",3.5,120,FALSE,"YES",TRUE,"average",120,93
"2091",4,93,FALSE,"YES",TRUE,"average",93,45
"2093",3.5,324,TRUE,"YES",TRUE,"average",324,72
"2095",3.5,83,TRUE,"YES",TRUE,"average",83,95
"2096",4.5,6,TRUE,"YES",TRUE,"average",6,77
"2097",4,19,TRUE,"NO",TRUE,"average",19,26
"2099",3.5,258,FALSE,"YES",TRUE,"average",258,78
"2100",4,24,TRUE,"YES",FALSE,"average",24,38
"2101",3,108,TRUE,"YES",TRUE,"loud",108,105
"2102",1.5,13,FALSE,"NO",TRUE,"average",13,107.5
"2105",3.5,23,FALSE,"YES",TRUE,"very_loud",23,96
"2106",3.5,137,TRUE,"YES",TRUE,"average",137,78.5
"2107",4,180,TRUE,"YES",TRUE,"average",180,65
"2108",3.5,96,FALSE,"YES",TRUE,"average",96,72
"2111",4,1078,TRUE,"YES",TRUE,"average",1078,37
"2113",4,63,TRUE,"YES",TRUE,"average",63,51
"2115",3.5,23,TRUE,"YES",FALSE,"quiet",23,46
"2116",4.5,10,TRUE,"NO",TRUE,"average",10,61
"2117",3.5,12,TRUE,"NO",TRUE,"average",12,47
"2118",4.5,127,TRUE,"YES",TRUE,"average",127,39
"2119",4.5,3,FALSE,"NO",TRUE,"average",3,68
"2120",2.5,47,FALSE,"YES",TRUE,"loud",47,85
"2125",3.5,13,TRUE,"YES",TRUE,"average",13,168
"2126",3,22,FALSE,"NO",TRUE,"loud",22,100
"2127",4.5,96,TRUE,"YES",FALSE,"average",96,61
"2128",3,63,TRUE,"YES",TRUE,"average",63,32
"2129",3.5,182,TRUE,"YES",TRUE,"average",182,85
"2130",3.5,70,TRUE,"NO",TRUE,"average",70,39
"2131",3.5,32,FALSE,"NO",TRUE,"average",32,72
"2132",3.5,69,TRUE,"YES",TRUE,"average",69,77
"2135",4,29,TRUE,"YES",TRUE,"average",29,49
"2136",2,64,TRUE,"YES",TRUE,"very_loud",64,62
"2140",4,151,TRUE,"YES",FALSE,"average",151,33
"2141",3.5,51,FALSE,"YES",TRUE,"average",51,82
"2142",4,39,FALSE,"YES",TRUE,"average",39,77
"2143",2.5,35,FALSE,"YES",TRUE,"quiet",35,79
"2147",4,90,TRUE,"NO",TRUE,"loud",90,56
"2148",3,11,FALSE,"YES",TRUE,"very_loud",11,120
"2150",4,104,TRUE,"YES",TRUE,"average",104,123
"2151",3.5,27,TRUE,"YES",TRUE,"average",27,108.5
"2152",3.5,301,TRUE,"YES",TRUE,"average",301,105
"2153",4,183,FALSE,"YES",FALSE,"average",183,34
"2155",3.5,13,TRUE,"YES",TRUE,"loud",13,64
"2156",4,70,TRUE,"YES",TRUE,"average",70,66.5
"2159",3,52,TRUE,"YES",TRUE,"average",52,85.5
"2161",4,61,TRUE,"YES",FALSE,"average",61,39
"2165",2.5,21,TRUE,"NO",TRUE,"very_loud",21,99
"2168",3.5,16,FALSE,"YES",TRUE,"average",16,96
"2169",3,69,TRUE,"YES",TRUE,"loud",69,79
"2170",5,8,TRUE,"NO",TRUE,"average",8,105
"2174",4,7,TRUE,"NO",TRUE,"average",7,105
"2175",3,50,FALSE,"YES",TRUE,"average",50,58.5
"2177",4,169,TRUE,"YES",TRUE,"average",169,71
"2178",4,5,TRUE,"YES",TRUE,"loud",5,3
"2179",3,81,TRUE,"YES",TRUE,"average",81,25
"2180",4,34,TRUE,"YES",TRUE,"average",34,54
"2182",3.5,73,TRUE,"YES",TRUE,"loud",73,100.5
"2184",3,104,TRUE,"YES",TRUE,"average",104,86
"2186",4.5,137,FALSE,"YES",TRUE,"average",137,51.5
"2193",3.5,55,TRUE,"YES",TRUE,"loud",55,81
"2194",3.5,216,TRUE,"YES",TRUE,"average",216,86
"2195",4,25,TRUE,"YES",TRUE,"quiet",25,83
"2196",4,67,TRUE,"YES",TRUE,"average",67,97
"2198",2.5,126,TRUE,"YES",TRUE,"average",126,84
"2199",3,88,TRUE,"NO",FALSE,"average",88,68
"2202",4,24,TRUE,"YES",TRUE,"average",24,105
"2203",3.5,114,FALSE,"YES",FALSE,"loud",114,62
"2204",3.5,175,TRUE,"YES",FALSE,"average",175,62.5
"2207",4,42,FALSE,"YES",TRUE,"quiet",42,74
"2210",3.5,77,FALSE,"YES",TRUE,"loud",77,94
"2212",3.5,22,FALSE,"YES",TRUE,"quiet",22,69
"2213",4,42,FALSE,"YES",TRUE,"average",42,32
"2214",3,6,FALSE,"YES",TRUE,"very_loud",6,89
"2215",3.5,94,TRUE,"YES",TRUE,"average",94,79
"2216",3,118,TRUE,"YES",FALSE,"average",118,77
"2217",3.5,305,TRUE,"NO",FALSE,"average",305,83
"2219",3.5,125,TRUE,"YES",FALSE,"average",125,45.5
"2227",4,21,TRUE,"YES",TRUE,"average",21,104
"2228",3,32,TRUE,"YES",TRUE,"average",32,88
"2229",4,116,TRUE,"YES",FALSE,"quiet",116,26
"2231",4.5,83,TRUE,"YES",TRUE,"average",83,95
"2233",3.5,6,FALSE,"NO",FALSE,"quiet",6,35
"2235",3.5,42,FALSE,"YES",TRUE,"average",42,79
"2236",3,96,TRUE,"YES",TRUE,"loud",96,77
"2240",4,18,FALSE,"YES",TRUE,"loud",18,91.5
"2242",3.5,136,FALSE,"YES",TRUE,"average",136,84
"2244",3,161,TRUE,"YES",TRUE,"loud",161,95
"2246",4,75,TRUE,"YES",TRUE,"average",75,36
"2249",3.5,86,TRUE,"YES",TRUE,"average",86,35
"2250",3.5,29,FALSE,"NO",TRUE,"average",29,105
"2256",3.5,178,TRUE,"YES",TRUE,"loud",178,87
"2259",2,38,TRUE,"YES",TRUE,"very_loud",38,95.5
"2261",4,532,TRUE,"YES",TRUE,"average",532,59
"2264",3.5,28,FALSE,"YES",TRUE,"average",28,93
"2266",3.5,58,TRUE,"NO",TRUE,"average",58,64
"2267",3.5,54,TRUE,"YES",TRUE,"average",54,47
"2271",4,37,FALSE,"NO",TRUE,"quiet",37,107
"2272",4.5,19,TRUE,"YES",FALSE,"average",19,71.5
"2273",3,15,TRUE,"YES",TRUE,"average",15,21.5
"2274",4.5,75,TRUE,"YES",FALSE,"quiet",75,24
"2275",3.5,31,FALSE,"YES",TRUE,"quiet",31,22
"2279",4,103,FALSE,"YES",TRUE,"average",103,48.5
"2281",3,167,TRUE,"YES",TRUE,"average",167,89
"2283",3,61,FALSE,"YES",TRUE,"average",61,98
"2284",3.5,20,TRUE,"YES",FALSE,"very_loud",20,34
"2285",4,29,TRUE,"NO",TRUE,"loud",29,143.5
"2287",4,98,TRUE,"YES",TRUE,"average",98,86
"2293",4,94,TRUE,"YES",TRUE,"average",94,105
"2294",4,21,TRUE,"YES",TRUE,"loud",21,86
"2295",3.5,48,FALSE,"YES",TRUE,"average",48,92
"2296",4,257,TRUE,"YES",TRUE,"average",257,78
"2298",3,130,FALSE,"YES",TRUE,"average",130,72
"2302",4,30,TRUE,"YES",TRUE,"loud",30,105
"2303",4,652,TRUE,"YES",TRUE,"loud",652,83.5
"2305",4.5,148,FALSE,"YES",TRUE,"average",148,56
"2308",3.5,94,TRUE,"YES",TRUE,"loud",94,68
"2309",4,37,TRUE,"YES",FALSE,"average",37,48
"2310",4.5,27,TRUE,"YES",TRUE,"quiet",27,70
"2311",4,158,FALSE,"YES",TRUE,"average",158,38
"2312",4,294,TRUE,"YES",TRUE,"average",294,57
"2313",3,100,TRUE,"YES",TRUE,"average",100,92
"2314",4,300,TRUE,"YES",TRUE,"average",300,41.5
"2315",4,317,TRUE,"YES",FALSE,"average",317,35
"2316",4,477,TRUE,"YES",FALSE,"average",477,52
"2317",3,198,TRUE,"YES",TRUE,"average",198,100
"2318",3.5,75,TRUE,"NO",TRUE,"quiet",75,78
"2324",3.5,121,TRUE,"YES",TRUE,"average",121,79
"2325",4.5,111,TRUE,"YES",TRUE,"quiet",111,44
"2329",4,387,TRUE,"YES",TRUE,"average",387,93
"2330",3.5,202,TRUE,"YES",TRUE,"average",202,63
"2336",4,83,TRUE,"YES",TRUE,"average",83,84
"2339",3.5,52,TRUE,"YES",TRUE,"average",52,91.5
"2341",4,42,TRUE,"YES",TRUE,"average",42,103
"2343",4,297,TRUE,"YES",TRUE,"average",297,74
"2344",2.5,54,FALSE,"NO",TRUE,"average",54,105
"2345",3,21,TRUE,"YES",TRUE,"average",21,99
"2348",4.5,8,TRUE,"NO",TRUE,"loud",8,102
"2349",3.5,35,TRUE,"YES",TRUE,"loud",35,115.5
"2350",3.5,73,FALSE,"YES",TRUE,"quiet",73,168
"2351",4,84,TRUE,"YES",TRUE,"average",84,101.9
"2353",3.5,35,TRUE,"YES",TRUE,"average",35,94
"2355",3.5,35,TRUE,"YES",TRUE,"loud",35,96
"2356",4,99,TRUE,"YES",TRUE,"average",99,79
"2359",2.5,95,TRUE,"YES",TRUE,"average",95,81
"2360",3,64,TRUE,"YES",TRUE,"average",64,75.5
"2363",4,3,TRUE,"NO",TRUE,"average",3,72
"2366",3.5,52,TRUE,"YES",TRUE,"average",52,100
"2368",3.5,101,TRUE,"YES",TRUE,"loud",101,105
"2371",4,192,TRUE,"YES",FALSE,"average",192,70
"2373",4,109,TRUE,"YES",FALSE,"quiet",109,42
"2374",3.5,229,TRUE,"YES",TRUE,"very_loud",229,92
"2378",3.5,203,TRUE,"YES",TRUE,"average",203,59
"2379",3.5,55,TRUE,"YES",TRUE,"average",55,104
"2380",2.5,71,FALSE,"NO",TRUE,"average",71,108.5
"2384",4,179,TRUE,"YES",TRUE,"average",179,77
"2390",4,106,FALSE,"YES",TRUE,"loud",106,53
"2391",3.5,358,TRUE,"YES",TRUE,"average",358,135.5
"2392",4.5,8,TRUE,"YES",TRUE,"average",8,50
"2394",4,114,FALSE,"YES",TRUE,"average",114,77
"2395",3,76,TRUE,"YES",TRUE,"very_loud",76,55
"2397",3,20,TRUE,"YES",TRUE,"average",20,119
"2398",4,94,TRUE,"YES",TRUE,"average",94,56
"2400",3,54,TRUE,"YES",TRUE,"loud",54,105
"2402",3.5,528,TRUE,"YES",TRUE,"average",528,31
"2403",3,39,TRUE,"YES",TRUE,"average",39,79
"2404",4.5,90,FALSE,"YES",TRUE,"quiet",90,45
"2405",3,50,TRUE,"YES",TRUE,"very_loud",50,27.5
"2406",4,74,TRUE,"YES",TRUE,"average",74,98
"2407",4,190,TRUE,"YES",TRUE,"average",190,100.5
"2409",3,150,TRUE,"NO",TRUE,"very_loud",150,99
"2414",3.5,25,TRUE,"YES",TRUE,"very_loud",25,54
"2415",4.5,17,TRUE,"NO",TRUE,"loud",17,77
"2417",3,49,FALSE,"YES",TRUE,"average",49,68
"2418",3.5,139,TRUE,"YES",TRUE,"average",139,32
"2419",3.5,8,TRUE,"NO",TRUE,"average",8,105
"2420",4,150,TRUE,"YES",TRUE,"quiet",150,37
"2421",2.5,12,TRUE,"YES",FALSE,"quiet",12,48
"2425",3.5,5,TRUE,"YES",TRUE,"average",5,94.5
"2426",3.5,99,TRUE,"YES",TRUE,"average",99,79
"2429",3.5,118,TRUE,"YES",TRUE,"average",118,79
"2431",3,56,TRUE,"NO",TRUE,"quiet",56,77
"2433",3.5,65,FALSE,"YES",TRUE,"average",65,68.5
"2434",4,68,FALSE,"YES",TRUE,"average",68,71
"2436",4,31,FALSE,"YES",TRUE,"average",31,79
"2439",4,6,TRUE,"YES",TRUE,"quiet",6,77.5
"2440",3,65,TRUE,"YES",TRUE,"average",65,105
"2442",4,44,FALSE,"YES",TRUE,"loud",44,69
"2444",3.5,64,TRUE,"YES",FALSE,"average",64,109.5
"2446",3,17,TRUE,"YES",TRUE,"average",17,45
"2451",4,28,FALSE,"NO",TRUE,"average",28,117
"2454",3,34,TRUE,"YES",TRUE,"average",34,81
"2457",4,260,TRUE,"YES",TRUE,"average",260,79.5
"2461",4,23,TRUE,"YES",TRUE,"quiet",23,66
"2464",3,100,FALSE,"YES",TRUE,"average",100,76
"2468",4.5,9,FALSE,"NO",TRUE,"average",9,88
"2469",3.5,21,TRUE,"YES",TRUE,"average",21,99
"2470",4,486,TRUE,"YES",TRUE,"loud",486,85
"2472",3,73,FALSE,"YES",TRUE,"average",73,79
"2474",2.5,19,TRUE,"YES",TRUE,"average",19,108
"2479",3.5,8,TRUE,"NO",TRUE,"average",8,111
"2480",3,40,FALSE,"NO",TRUE,"very_loud",40,97
"2482",3.5,123,TRUE,"YES",TRUE,"average",123,30
"2485",2.5,23,TRUE,"YES",TRUE,"quiet",23,101
"2491",4,13,TRUE,"NO",TRUE,"quiet",13,46
"2492",3.5,103,TRUE,"YES",TRUE,"loud",103,92
"2494",3.5,74,FALSE,"YES",TRUE,"average",74,92
"2496",3.5,21,FALSE,"YES",TRUE,"quiet",21,76
"2498",3,37,TRUE,"YES",TRUE,"very_loud",37,35
"2500",4,70,TRUE,"YES",TRUE,"loud",70,64
"2501",3,105,TRUE,"YES",TRUE,"average",105,69
"2503",3.5,23,TRUE,"NO",TRUE,"very_loud",23,107
"2504",3.5,190,FALSE,"YES",TRUE,"loud",190,74
"2507",4.5,5,TRUE,"YES",TRUE,"average",5,89
"2508",3,24,TRUE,"NO",TRUE,"average",24,108.5
"2510",3.5,164,FALSE,"YES",TRUE,"loud",164,72
"2514",4,230,TRUE,"YES",TRUE,"average",230,109
"2515",3.5,58,TRUE,"YES",TRUE,"average",58,108.5
"2516",3.5,38,TRUE,"YES",TRUE,"average",38,76
"2517",3,117,TRUE,"YES",TRUE,"loud",117,95
"2518",3,9,TRUE,"NO",TRUE,"average",9,77
"2519",3.5,24,TRUE,"YES",TRUE,"average",24,92
"2520",4,63,TRUE,"YES",TRUE,"very_loud",63,24
"2522",4,5,TRUE,"NO",FALSE,"very_loud",5,56
"2523",4,127,TRUE,"YES",TRUE,"average",127,58
"2524",4.5,27,TRUE,"YES",FALSE,"average",27,58.5
"2526",3,69,TRUE,"NO",TRUE,"average",69,48
"2528",4.5,59,TRUE,"YES",TRUE,"average",59,44
"2530",4,290,TRUE,"YES",TRUE,"loud",290,87
"2531",3.5,135,TRUE,"YES",TRUE,"average",135,79
"2537",3.5,508,TRUE,"YES",TRUE,"average",508,71.5
"2539",4.5,48,TRUE,"NO",TRUE,"average",48,43
"2540",4,19,FALSE,"YES",TRUE,"quiet",19,102
"2541",3.5,117,TRUE,"YES",TRUE,"average",117,106
"2544",4,91,TRUE,"YES",TRUE,"average",91,101.5
"2545",3.5,45,TRUE,"YES",TRUE,"quiet",45,82.5
"2546",3.5,166,TRUE,"YES",TRUE,"average",166,86
"2547",1.5,75,TRUE,"NO",TRUE,"average",75,93
"2549",4,160,FALSE,"YES",TRUE,"average",160,108.5
"2555",4,45,FALSE,"NO",TRUE,"average",45,78
"2559",4.5,209,FALSE,"YES",FALSE,"average",209,46
"2560",3.5,39,TRUE,"YES",TRUE,"average",39,103
"2562",3.5,251,TRUE,"YES",TRUE,"average",251,107
"2565",3,192,TRUE,"YES",TRUE,"loud",192,79
"2569",3.5,79,FALSE,"YES",TRUE,"average",79,61.5
"2571",4,145,TRUE,"YES",TRUE,"loud",145,70
"2573",4,115,TRUE,"YES",TRUE,"average",115,59
"2577",3.5,80,TRUE,"YES",TRUE,"average",80,84
"2578",3.5,27,TRUE,"YES",TRUE,"quiet",27,78
"2582",4,85,TRUE,"YES",FALSE,"average",85,76
"2589",3.5,19,FALSE,"YES",TRUE,"average",19,50
"2590",3.5,82,TRUE,"YES",TRUE,"average",82,72
"2594",4,50,TRUE,"NO",TRUE,"quiet",50,68
"2595",4,334,FALSE,"YES",TRUE,"average",334,26
"2597",4,26,TRUE,"YES",TRUE,"loud",26,58
"2604",3,44,FALSE,"YES",TRUE,"very_loud",44,105
"2611",3,54,TRUE,"YES",FALSE,"average",54,30
"2612",4.5,19,TRUE,"YES",TRUE,"quiet",19,60
"2613",4.5,393,TRUE,"YES",TRUE,"loud",393,94.5
"2614",3.5,43,TRUE,"YES",TRUE,"average",43,105
"2616",3.5,125,FALSE,"YES",TRUE,"quiet",125,75
"2617",3.5,40,FALSE,"NO",TRUE,"quiet",40,79
"2618",3,54,FALSE,"YES",TRUE,"average",54,88
"2621",3.5,170,TRUE,"YES",TRUE,"average",170,36
"2625",2.5,29,TRUE,"YES",TRUE,"very_loud",29,41
"2628",4,18,TRUE,"YES",TRUE,"average",18,92
"2630",3,54,FALSE,"YES",TRUE,"average",54,103
"2635",4.5,3,TRUE,"YES",TRUE,"loud",3,86.5
"2636",4,789,TRUE,"YES",TRUE,"average",789,92
"2639",3.5,118,FALSE,"YES",TRUE,"quiet",118,43
"2640",2.5,47,TRUE,"YES",TRUE,"average",47,83
"2641",3.5,18,FALSE,"YES",FALSE,"average",18,27
"2644",2.5,62,TRUE,"YES",FALSE,"average",62,31
"2646",3.5,463,TRUE,"YES",FALSE,"average",463,78
"2647",3.5,127,TRUE,"YES",TRUE,"average",127,73.5
"2650",3,32,TRUE,"NO",FALSE,"average",32,88.5
"2651",3.5,223,TRUE,"YES",TRUE,"loud",223,92
"2654",4,199,TRUE,"YES",FALSE,"average",199,45
"2658",4,47,TRUE,"YES",TRUE,"average",47,101.5
"2659",4,294,TRUE,"YES",TRUE,"average",294,85
"2662",4,115,TRUE,"YES",TRUE,"average",115,126
"2666",4,115,TRUE,"YES",TRUE,"average",115,56
"2669",3.5,86,TRUE,"YES",TRUE,"average",86,79
"2670",4,93,TRUE,"YES",TRUE,"average",93,45
"2671",4,148,TRUE,"YES",TRUE,"average",148,105
"2675",3,76,TRUE,"YES",TRUE,"average",76,86
"2677",3,34,TRUE,"YES",TRUE,"average",34,39
"2679",4.5,82,TRUE,"YES",TRUE,"average",82,52
"2680",3,60,TRUE,"YES",TRUE,"average",60,106
"2683",4.5,81,TRUE,"YES",FALSE,"average",81,69
"2685",3.5,75,FALSE,"YES",TRUE,"average",75,90
"2686",4,30,TRUE,"YES",TRUE,"average",30,76
"2687",2.5,186,TRUE,"YES",FALSE,"average",186,77
"2689",3,32,FALSE,"YES",TRUE,"very_loud",32,42
"2690",2,130,TRUE,"YES",TRUE,"average",130,74
"2693",3,4,TRUE,"NO",TRUE,"loud",4,69
"2694",4,25,TRUE,"YES",TRUE,"quiet",25,36
"2696",4,11,TRUE,"NO",TRUE,"average",11,105
"2699",3,58,TRUE,"YES",TRUE,"average",58,110
"2702",3,37,TRUE,"YES",TRUE,"loud",37,92
"2703",3.5,48,TRUE,"NO",TRUE,"loud",48,112.5
"2704",3,73,TRUE,"YES",TRUE,"average",73,85
"2707",4,145,FALSE,"YES",TRUE,"quiet",145,85.5
"2709",4,16,TRUE,"YES",TRUE,"quiet",16,35
"2713",4,26,TRUE,"YES",TRUE,"loud",26,106
"2714",3.5,74,TRUE,"YES",TRUE,"average",74,57
"2715",4,23,FALSE,"YES",TRUE,"average",23,58
"2717",4,72,TRUE,"YES",TRUE,"average",72,80.5
"2718",4,80,TRUE,"YES",TRUE,"average",80,84
"2719",2.5,7,TRUE,"NO",TRUE,"loud",7,103
"2722",3.5,39,TRUE,"YES",FALSE,"average",39,57.5
"2723",3.5,26,FALSE,"NO",TRUE,"average",26,75
"2727",3.5,286,TRUE,"YES",TRUE,"average",286,103
"2728",3.5,46,TRUE,"YES",TRUE,"very_loud",46,72
"2730",3,45,TRUE,"YES",TRUE,"average",45,45
"2732",3.5,46,FALSE,"YES",TRUE,"average",46,79
"2735",3,11,FALSE,"YES",TRUE,"average",11,129.5
"2737",4,255,TRUE,"YES",TRUE,"average",255,40.5
"2739",4,116,TRUE,"YES",TRUE,"average",116,31
"2741",4,426,TRUE,"YES",TRUE,"loud",426,118
"2742",3,227,TRUE,"YES",TRUE,"average",227,98
"2744",3,27,TRUE,"YES",TRUE,"average",27,70
"2746",3.5,83,TRUE,"YES",TRUE,"average",83,112
"2748",4.5,4,TRUE,"NO",TRUE,"loud",4,108.5
"2749",4.5,118,TRUE,"YES",FALSE,"average",118,105
"2751",3.5,50,FALSE,"YES",TRUE,"loud",50,47.5
"2755",3,18,FALSE,"YES",TRUE,"loud",18,101
"2756",3.5,69,TRUE,"YES",TRUE,"average",69,106
"2757",3.5,16,TRUE,"YES",TRUE,"quiet",16,56
"2759",3.5,9,TRUE,"YES",TRUE,"loud",9,75
"2761",3,35,TRUE,"YES",TRUE,"average",35,82
"2763",3,72,TRUE,"YES",TRUE,"average",72,105.25
"2764",3.5,106,TRUE,"YES",TRUE,"average",106,73
"2766",4,22,TRUE,"YES",TRUE,"loud",22,86.5
"2767",2.5,26,TRUE,"NO",TRUE,"average",26,101
"2768",4,101,FALSE,"YES",TRUE,"quiet",101,90
"2769",2,22,FALSE,"YES",TRUE,"very_loud",22,21
"2773",3,85,TRUE,"YES",TRUE,"average",85,81
"2774",3.5,290,TRUE,"YES",TRUE,"average",290,71.5
"2775",4,139,FALSE,"YES",TRUE,"loud",139,36
"2778",3.5,82,TRUE,"YES",TRUE,"average",82,61
"2779",4.5,117,TRUE,"YES",TRUE,"quiet",117,68
"2780",3.5,24,TRUE,"YES",TRUE,"average",24,83.5
"2781",3,16,TRUE,"YES",TRUE,"average",16,80.5
"2782",4,178,FALSE,"YES",FALSE,"average",178,33
"2784",4,60,TRUE,"YES",TRUE,"average",60,105
"2785",4.5,20,FALSE,"YES",TRUE,"average",20,94
"2787",3.5,7,TRUE,"YES",TRUE,"average",7,92
"2788",4,199,TRUE,"YES",TRUE,"average",199,36
"2790",3.5,41,TRUE,"YES",TRUE,"average",41,112
"2791",4,204,TRUE,"YES",TRUE,"loud",204,107.5
"2792",3.5,105,TRUE,"YES",TRUE,"average",105,53.5
"2793",4,27,TRUE,"YES",TRUE,"average",27,103
"2797",3.5,223,TRUE,"YES",TRUE,"loud",223,93
"2799",3.5,142,TRUE,"YES",TRUE,"average",142,79
"2800",4,30,TRUE,"YES",TRUE,"average",30,93
"2801",3.5,81,TRUE,"YES",TRUE,"average",81,29
"2802",4.5,43,FALSE,"YES",TRUE,"loud",43,83
"2803",3.5,5,FALSE,"YES",TRUE,"average",5,107.5
"2805",4,79,TRUE,"YES",TRUE,"average",79,60
"2809",3.5,120,FALSE,"YES",TRUE,"average",120,92
"2811",3.5,46,TRUE,"YES",TRUE,"average",46,105
"2812",2.5,107,FALSE,"YES",TRUE,"average",107,96
"2815",2.5,41,TRUE,"NO",TRUE,"average",41,115.5
"2816",4,366,TRUE,"YES",TRUE,"average",366,79
"2818",3,5,TRUE,"YES",TRUE,"average",5,74
"2819",3,36,FALSE,"YES",TRUE,"loud",36,101
"2821",3.5,131,FALSE,"YES",TRUE,"loud",131,77
"2826",3.5,95,FALSE,"YES",TRUE,"average",95,79
"2828",2.5,59,TRUE,"YES",TRUE,"loud",59,87
"2829",3.5,99,TRUE,"YES",TRUE,"average",99,85
"2838",4,63,TRUE,"YES",TRUE,"average",63,66
"2840",4,172,TRUE,"YES",TRUE,"average",172,81
"2841",4,31,TRUE,"YES",TRUE,"average",31,98
"2842",4,10,FALSE,"YES",FALSE,"quiet",10,35
"2845",4,166,TRUE,"YES",TRUE,"average",166,87.5
"2848",3,89,TRUE,"YES",TRUE,"loud",89,105
"2849",3,28,FALSE,"YES",TRUE,"average",28,100
"2850",4,68,TRUE,"YES",TRUE,"average",68,82.5
"2851",3.5,8,TRUE,"NO",TRUE,"very_loud",8,104
"2857",2,9,FALSE,"NO",TRUE,"very_loud",9,40
"2858",3,51,TRUE,"YES",TRUE,"very_loud",51,18
"2860",3.5,167,TRUE,"YES",TRUE,"average",167,81
"2861",4.5,71,TRUE,"NO",TRUE,"average",71,88
"2862",4,14,TRUE,"NO",TRUE,"average",14,122.5
"2863",3,301,TRUE,"YES",TRUE,"average",301,81
"2864",4,34,TRUE,"YES",TRUE,"average",34,104
"2868",3.5,36,FALSE,"YES",TRUE,"average",36,108.5
"2871",3.5,10,TRUE,"YES",TRUE,"loud",10,115.5
"2872",4,231,TRUE,"YES",TRUE,"average",231,99
"2873",4.5,100,TRUE,"YES",TRUE,"loud",100,32
"2877",4,573,TRUE,"YES",TRUE,"average",573,85
"2879",4,63,TRUE,"YES",FALSE,"average",63,77
"2881",4,974,TRUE,"YES",TRUE,"average",974,77.5
"2884",3,68,TRUE,"NO",TRUE,"average",68,97
"2885",3.5,169,TRUE,"YES",TRUE,"average",169,92
"2888",3.5,49,FALSE,"YES",TRUE,"average",49,70
"2892",4,113,TRUE,"YES",TRUE,"average",113,23.25
"2893",3.5,84,TRUE,"YES",TRUE,"average",84,76
"2894",4,91,TRUE,"YES",TRUE,"quiet",91,35.5
"2896",4.5,154,TRUE,"YES",FALSE,"average",154,61
"2898",3.5,45,TRUE,"YES",TRUE,"loud",45,56
"2900",4.5,211,TRUE,"YES",TRUE,"average",211,86
"2902",4,48,FALSE,"YES",TRUE,"average",48,90
"2907",4,111,FALSE,"YES",TRUE,"average",111,84
"2908",3.5,117,FALSE,"YES",TRUE,"quiet",117,45
"2910",4,75,FALSE,"NO",FALSE,"average",75,24
"2911",3.5,93,TRUE,"YES",TRUE,"average",93,91
"2913",3.5,185,TRUE,"YES",FALSE,"average",185,77
"2914",4.5,60,TRUE,"YES",TRUE,"average",60,89
"2915",4,13,TRUE,"YES",TRUE,"average",13,76.5
"2917",3.5,129,TRUE,"YES",FALSE,"average",129,66
"2918",2.5,76,TRUE,"YES",TRUE,"quiet",76,74
"2919",4.5,39,TRUE,"NO",TRUE,"quiet",39,74
"2923",4.5,79,TRUE,"YES",TRUE,"loud",79,79
"2924",4,239,TRUE,"YES",TRUE,"average",239,96
"2925",3,30,TRUE,"YES",TRUE,"loud",30,60
"2926",4,79,TRUE,"YES",TRUE,"loud",79,105
"2928",4,15,TRUE,"YES",TRUE,"average",15,94
"2930",3.5,60,FALSE,"YES",TRUE,"average",60,60
"2932",3,69,FALSE,"YES",TRUE,"average",69,95
"2934",3.5,113,FALSE,"YES",TRUE,"quiet",113,76.5
"2935",4,108,FALSE,"YES",TRUE,"average",108,55
"2936",5,4,FALSE,"NO",TRUE,"average",4,64
"2937",3.5,40,TRUE,"YES",TRUE,"quiet",40,34
"2940",3.5,109,TRUE,"YES",TRUE,"loud",109,104
"2941",3.5,50,TRUE,"YES",TRUE,"average",50,70
"2942",3,47,FALSE,"YES",TRUE,"average",47,79
"2943",4,511,FALSE,"YES",TRUE,"average",511,53
"2946",4,72,TRUE,"YES",TRUE,"average",72,105
"2948",4,17,FALSE,"NO",TRUE,"average",17,71
"2952",4,47,TRUE,"YES",TRUE,"average",47,67
"2953",4.5,40,TRUE,"YES",FALSE,"average",40,56
"2954",4.5,35,TRUE,"YES",TRUE,"average",35,48
"2958",3.5,10,TRUE,"YES",TRUE,"average",10,108.5
"2961",4,71,TRUE,"YES",TRUE,"very_loud",71,86.5
"2962",2,35,TRUE,"YES",TRUE,"quiet",35,79
"2964",4.5,534,TRUE,"YES",TRUE,"average",534,66
"2969",4,14,TRUE,"NO",TRUE,"average",14,91
"2970",4,244,TRUE,"YES",TRUE,"average",244,66
"2971",4,17,TRUE,"NO",TRUE,"average",17,103.5
"2973",4,155,TRUE,"YES",TRUE,"average",155,95
"2974",4.5,575,TRUE,"YES",TRUE,"average",575,88
"2977",4,88,TRUE,"NO",TRUE,"quiet",88,77.5
"2980",3,58,TRUE,"YES",TRUE,"average",58,95
"2981",3.5,61,FALSE,"YES",TRUE,"loud",61,38
"2982",4,112,TRUE,"YES",TRUE,"average",112,102
"2984",3,20,FALSE,"YES",TRUE,"very_loud",20,108.5
"2985",2.5,16,TRUE,"YES",TRUE,"quiet",16,75
"2988",3.5,72,TRUE,"YES",TRUE,"average",72,105
"2989",3.5,40,TRUE,"NO",TRUE,"quiet",40,80.5
"2992",4.5,37,FALSE,"NO",TRUE,"quiet",37,57
"2993",4,138,TRUE,"YES",TRUE,"average",138,34.5
"2996",3,70,TRUE,"YES",TRUE,"loud",70,71
"2998",3,164,TRUE,"YES",FALSE,"average",164,72
"2999",3.5,34,TRUE,"YES",TRUE,"average",34,108.5
"3000",3,92,TRUE,"YES",TRUE,"average",92,61
"3004",3.5,25,TRUE,"YES",TRUE,"average",25,99
"3005",3,44,TRUE,"YES",TRUE,"average",44,66
"3009",4,40,TRUE,"YES",TRUE,"quiet",40,52.5
"3010",3.5,34,TRUE,"NO",TRUE,"average",34,105
"3011",3,37,FALSE,"YES",TRUE,"average",37,92
"3012",4,676,TRUE,"YES",TRUE,"loud",676,78
"3013",4.5,64,TRUE,"YES",TRUE,"average",64,108.5
"3015",3.5,28,FALSE,"YES",TRUE,"quiet",28,54
"3016",4.5,83,TRUE,"YES",TRUE,"average",83,77
"3019",4,200,TRUE,"YES",TRUE,"average",200,62
"3021",4,124,TRUE,"YES",TRUE,"average",124,51
"3023",4.5,179,FALSE,"YES",TRUE,"average",179,36
"3026",3,25,TRUE,"NO",TRUE,"average",25,101
"3027",3,14,FALSE,"YES",TRUE,"average",14,87.5
"3028",3.5,61,TRUE,"YES",TRUE,"average",61,75
"3029",3,58,TRUE,"NO",TRUE,"average",58,95
"3030",3.5,48,TRUE,"YES",TRUE,"average",48,80
"3031",4.5,7,FALSE,"YES",FALSE,"loud",7,77
"3035",4.5,43,TRUE,"YES",FALSE,"average",43,66
"3037",2.5,34,FALSE,"YES",TRUE,"very_loud",34,105
"3038",2.5,46,TRUE,"YES",TRUE,"loud",46,101
"3041",4.5,55,TRUE,"YES",TRUE,"loud",55,84
"3043",3,7,TRUE,"YES",TRUE,"loud",7,112
"3044",3,72,TRUE,"YES",TRUE,"average",72,60.5
"3046",3,31,FALSE,"YES",TRUE,"average",31,112
"3048",3.5,194,TRUE,"YES",TRUE,"average",194,98
"3052",3.5,71,TRUE,"YES",TRUE,"average",71,99
"3056",3.5,73,FALSE,"YES",TRUE,"average",73,88
"3057",4,60,FALSE,"YES",TRUE,"quiet",60,59.5
"3058",3.5,10,TRUE,"NO",TRUE,"average",10,105
"3060",3,188,TRUE,"YES",TRUE,"average",188,112
"3061",3.5,48,FALSE,"YES",TRUE,"average",48,54.5
"3062",3,71,TRUE,"YES",TRUE,"average",71,79
"3063",3,57,TRUE,"YES",TRUE,"average",57,67
"3064",4,7,TRUE,"YES",TRUE,"very_loud",7,101.5
"3072",4.5,50,TRUE,"NO",TRUE,"very_loud",50,32
"3073",3.5,56,TRUE,"YES",TRUE,"average",56,77
"3074",3.5,216,TRUE,"YES",TRUE,"average",216,80
"3075",2.5,8,FALSE,"YES",TRUE,"loud",8,81
"3076",3.5,60,TRUE,"YES",TRUE,"loud",60,90
"3079",3,17,TRUE,"YES",TRUE,"loud",17,64.5
"3080",2.5,14,TRUE,"NO",TRUE,"quiet",14,52
"3081",4,90,TRUE,"YES",TRUE,"average",90,77
"3082",3,63,TRUE,"YES",TRUE,"average",63,92
"3084",2.5,12,TRUE,"YES",TRUE,"loud",12,95
"3085",4.5,88,TRUE,"YES",TRUE,"average",88,86
"3086",4,343,TRUE,"YES",TRUE,"loud",343,83
"3087",4,231,TRUE,"YES",TRUE,"average",231,71.25
"3088",2.5,53,FALSE,"YES",TRUE,"loud",53,100
"3089",3.5,61,TRUE,"YES",TRUE,"average",61,70
"3090",2.5,157,FALSE,"YES",TRUE,"very_loud",157,96
"3091",3.5,116,FALSE,"YES",TRUE,"quiet",116,78
"3092",4,159,TRUE,"YES",TRUE,"average",159,80
"3094",3,60,FALSE,"YES",TRUE,"average",60,92
"3095",2.5,66,TRUE,"YES",TRUE,"average",66,92
"3096",3.5,3,TRUE,"NO",TRUE,"average",3,39.5
"3097",3.5,83,TRUE,"NO",TRUE,"average",83,108.5
"3099",2.5,8,TRUE,"YES",TRUE,"average",8,72
"3100",4.5,51,TRUE,"YES",TRUE,"average",51,72
"3103",4,10,FALSE,"YES",TRUE,"average",10,108.5
"3104",3.5,83,FALSE,"YES",FALSE,"average",83,98
"3105",4,96,TRUE,"YES",TRUE,"loud",96,45
"3106",3.5,27,TRUE,"YES",TRUE,"average",27,33
"3110",3.5,63,TRUE,"YES",TRUE,"average",63,67
"3115",4,276,TRUE,"YES",TRUE,"average",276,70.5
"3116",4,15,TRUE,"YES",FALSE,"quiet",15,64.5
"3117",4,64,TRUE,"NO",TRUE,"loud",64,90
"3119",3,30,TRUE,"YES",TRUE,"average",30,79
"3121",4.5,187,TRUE,"YES",TRUE,"average",187,64
"3128",4,40,FALSE,"YES",TRUE,"average",40,59
"3131",4,8,TRUE,"NO",TRUE,"loud",8,86
"3138",3.5,12,TRUE,"YES",TRUE,"quiet",12,73.5
"3139",3,11,TRUE,"YES",TRUE,"loud",11,88.5
"3140",3.5,60,TRUE,"YES",TRUE,"quiet",60,108
"3141",3,93,TRUE,"YES",FALSE,"average",93,60
"3142",2,25,TRUE,"YES",TRUE,"quiet",25,127
"3143",3.5,41,TRUE,"YES",TRUE,"average",41,57
"3145",2.5,38,TRUE,"YES",TRUE,"loud",38,62.5
"3146",3.5,76,TRUE,"YES",TRUE,"very_loud",76,56.5
"3152",4,121,TRUE,"YES",TRUE,"average",121,39
"3153",4,295,TRUE,"YES",TRUE,"average",295,79
"3155",2.5,40,FALSE,"YES",TRUE,"average",40,82
"3156",3.5,32,TRUE,"YES",TRUE,"average",32,74
"3157",4,139,TRUE,"YES",FALSE,"average",139,64.5
"3158",4,103,FALSE,"YES",TRUE,"average",103,68.5
"3162",3,14,TRUE,"NO",TRUE,"average",14,51
"3163",3,17,FALSE,"YES",TRUE,"very_loud",17,86
"3165",4.5,21,TRUE,"YES",TRUE,"average",21,44.5
"3166",2.5,43,TRUE,"NO",TRUE,"loud",43,63
"3167",2.5,74,TRUE,"YES",TRUE,"loud",74,105
"3170",4,277,TRUE,"YES",TRUE,"average",277,57
"3174",3.5,50,TRUE,"YES",TRUE,"average",50,66
"3177",2.5,42,FALSE,"YES",TRUE,"average",42,55
"3181",4,63,TRUE,"YES",TRUE,"loud",63,59
"3182",4,183,TRUE,"YES",FALSE,"average",183,70
"3184",3.5,60,TRUE,"YES",TRUE,"average",60,108.5
"3186",4,105,FALSE,"YES",TRUE,"average",105,109.5
"3187",3.5,51,TRUE,"YES",TRUE,"average",51,70
"3189",4,44,FALSE,"YES",TRUE,"average",44,76
"3190",2.5,8,TRUE,"YES",TRUE,"quiet",8,46
"3196",4,71,TRUE,"YES",TRUE,"average",71,59
"3199",3,61,TRUE,"NO",TRUE,"average",61,76
"3203",4,464,TRUE,"YES",TRUE,"average",464,88
"3205",4.5,182,TRUE,"YES",TRUE,"average",182,42
"3209",4,141,FALSE,"YES",TRUE,"average",141,76
"3210",4,119,TRUE,"YES",TRUE,"quiet",119,60
"3211",4,147,TRUE,"YES",TRUE,"average",147,104
"3212",4,318,TRUE,"YES",TRUE,"average",318,80
"3213",3.5,77,TRUE,"YES",FALSE,"loud",77,53.5
"3217",2.5,130,TRUE,"YES",TRUE,"average",130,105
"3219",3,31,TRUE,"YES",TRUE,"average",31,108
"3220",3,32,TRUE,"YES",TRUE,"loud",32,101
"3222",4,109,TRUE,"YES",TRUE,"average",109,80
"3226",4,89,FALSE,"YES",TRUE,"quiet",89,25
"3230",4,347,TRUE,"YES",TRUE,"average",347,79
"3232",4.5,114,TRUE,"YES",TRUE,"average",114,75
"3233",4,108,TRUE,"YES",TRUE,"average",108,30
"3235",3.5,100,TRUE,"YES",FALSE,"average",100,28
"3236",3,170,TRUE,"YES",TRUE,"loud",170,48
"3240",2.5,53,FALSE,"YES",TRUE,"average",53,79
"3241",3.5,164,FALSE,"YES",TRUE,"average",164,110
"3245",4,5,TRUE,"NO",TRUE,"quiet",5,140
"3249",3.5,61,FALSE,"YES",TRUE,"average",61,79
"3250",4.5,140,FALSE,"YES",TRUE,"average",140,56
"3251",3,80,TRUE,"YES",TRUE,"loud",80,99
"3254",4,60,TRUE,"YES",TRUE,"average",60,46
"3257",3,67,FALSE,"YES",TRUE,"loud",67,99
"3262",4.5,186,TRUE,"YES",TRUE,"average",186,38
"3263",4,31,TRUE,"YES",TRUE,"loud",31,108.5
"3264",3,10,FALSE,"NO",TRUE,"average",10,86
"3268",4,83,TRUE,"YES",TRUE,"average",83,37.5
"3272",3,82,TRUE,"YES",TRUE,"average",82,99
"3274",4,293,TRUE,"YES",TRUE,"average",293,62.5
"3276",4,32,TRUE,"YES",TRUE,"loud",32,40
"3277",4.5,127,TRUE,"NO",TRUE,"average",127,48
"3278",2.5,125,TRUE,"YES",TRUE,"very_loud",125,86
"3279",3,177,TRUE,"YES",TRUE,"loud",177,100
"3283",3,78,TRUE,"YES",TRUE,"average",78,105
"3285",3,27,TRUE,"YES",TRUE,"very_loud",27,70
"3286",3.5,224,TRUE,"YES",TRUE,"average",224,27
"3290",4,43,TRUE,"NO",FALSE,"quiet",43,35
"3291",3.5,10,FALSE,"NO",TRUE,"average",10,105
"3294",3,56,FALSE,"NO",TRUE,"quiet",56,99.5
"3295",3.5,15,TRUE,"NO",TRUE,"average",15,130
"3296",3.5,28,TRUE,"YES",TRUE,"average",28,77.5
"3297",2.5,14,FALSE,"NO",TRUE,"loud",14,105
"3299",3,68,FALSE,"YES",TRUE,"average",68,92
"3300",3.5,71,TRUE,"YES",TRUE,"average",71,98
"3301",3.5,28,TRUE,"YES",TRUE,"very_loud",28,36
"3302",3,41,TRUE,"YES",TRUE,"loud",41,77
"3304",4,232,TRUE,"YES",TRUE,"average",232,102
"3306",2.5,31,FALSE,"YES",TRUE,"loud",31,92
"3314",3,62,FALSE,"YES",TRUE,"average",62,86
"3318",4.5,28,FALSE,"YES",TRUE,"loud",28,73.5
"3323",4,83,TRUE,"YES",TRUE,"average",83,91
"3324",2.5,14,TRUE,"NO",TRUE,"loud",14,100
"3327",3.5,46,FALSE,"YES",TRUE,"average",46,50.5
"3328",3.5,99,TRUE,"NO",TRUE,"average",99,74
"3329",3,34,TRUE,"NO",TRUE,"very_loud",34,60.5
"3330",4,95,TRUE,"YES",FALSE,"average",95,109
"3332",3,76,TRUE,"YES",TRUE,"average",76,92
"3333",3,139,FALSE,"YES",TRUE,"average",139,93
"3334",2.5,6,FALSE,"YES",TRUE,"very_loud",6,76
"3335",3.5,122,TRUE,"YES",TRUE,"loud",122,120
"3336",4,143,TRUE,"YES",TRUE,"average",143,93
"3338",4,270,TRUE,"YES",TRUE,"average",270,43
"3339",2.5,45,FALSE,"NO",TRUE,"loud",45,79
"3344",4.5,42,TRUE,"YES",TRUE,"quiet",42,73
"3347",4,33,FALSE,"YES",TRUE,"average",33,78.5
"3352",3,139,FALSE,"YES",TRUE,"average",139,60
"3355",2.5,7,TRUE,"YES",TRUE,"very_loud",7,35
"3357",4.5,25,FALSE,"YES",TRUE,"quiet",25,114
"3360",3.5,176,TRUE,"YES",TRUE,"average",176,108
"3362",3.5,53,TRUE,"YES",TRUE,"loud",53,86
"3364",3.5,36,TRUE,"YES",TRUE,"loud",36,91
"3365",4,67,TRUE,"YES",TRUE,"average",67,106
"3369",4.5,59,TRUE,"YES",TRUE,"average",59,50
"3371",3.5,51,TRUE,"NO",TRUE,"average",51,115.5
"3373",3.5,56,FALSE,"NO",TRUE,"average",56,62.5
"3375",4,80,TRUE,"YES",TRUE,"average",80,53
"3377",3.5,31,TRUE,"YES",TRUE,"loud",31,70
"3378",3,34,TRUE,"YES",TRUE,"average",34,90
"3386",3.5,42,TRUE,"YES",TRUE,"very_loud",42,129
"3389",4,128,TRUE,"YES",TRUE,"average",128,79
"3395",4,313,TRUE,"YES",TRUE,"average",313,75.5
"3398",4,94,TRUE,"YES",TRUE,"average",94,84
"3403",3,47,TRUE,"YES",TRUE,"loud",47,93
"3404",3,56,FALSE,"YES",TRUE,"very_loud",56,102
"3408",4,406,TRUE,"YES",TRUE,"average",406,110.5
"3409",3.5,95,TRUE,"YES",TRUE,"average",95,73
"3413",4,82,TRUE,"YES",TRUE,"quiet",82,33.5
"3414",3.5,82,TRUE,"YES",TRUE,"quiet",82,59.5
"3415",3,88,TRUE,"YES",TRUE,"quiet",88,78
"3423",4,74,TRUE,"YES",TRUE,"average",74,76
"3424",3,39,FALSE,"YES",TRUE,"very_loud",39,104
"3428",3.5,230,TRUE,"YES",TRUE,"average",230,97
"3429",3.5,21,TRUE,"NO",TRUE,"quiet",21,106
"3431",3.5,77,TRUE,"YES",TRUE,"average",77,138
"3435",3.5,118,TRUE,"YES",TRUE,"average",118,82
"3439",3.5,22,TRUE,"NO",TRUE,"average",22,107.5
"3441",3.5,89,TRUE,"YES",TRUE,"average",89,74
"3444",3,64,TRUE,"YES",TRUE,"average",64,101.5
"3445",4,51,TRUE,"YES",TRUE,"average",51,89
"3448",2.5,110,FALSE,"YES",TRUE,"loud",110,92
"3450",3.5,377,TRUE,"YES",TRUE,"average",377,70.5
"3455",3,47,FALSE,"YES",TRUE,"very_loud",47,105
"3456",3,54,TRUE,"NO",TRUE,"very_loud",54,105
"3457",3.5,31,TRUE,"YES",TRUE,"average",31,31
"3459",4,64,TRUE,"YES",TRUE,"average",64,111.5
"3462",3.5,107,FALSE,"YES",TRUE,"average",107,93
"3463",3.5,116,TRUE,"YES",TRUE,"average",116,66
"3465",3.5,74,TRUE,"YES",TRUE,"average",74,92
"3466",3,174,TRUE,"YES",TRUE,"loud",174,86
"3470",4.5,22,TRUE,"NO",TRUE,"average",22,88
"3471",3,72,TRUE,"YES",FALSE,"average",72,92
"3475",3.5,74,TRUE,"YES",TRUE,"quiet",74,36.5
"3479",3.5,25,TRUE,"YES",TRUE,"average",25,47.5
"3480",4.5,7,FALSE,"NO",TRUE,"average",7,89.5
"3481",4.5,209,TRUE,"YES",TRUE,"average",209,67
"3484",3,27,TRUE,"NO",TRUE,"average",27,62
"3485",4,20,TRUE,"NO",TRUE,"loud",20,69
"3487",4,13,FALSE,"YES",TRUE,"average",13,105
"3495",4,430,TRUE,"YES",FALSE,"average",430,26
"3497",4.5,313,FALSE,"YES",TRUE,"average",313,49.5
"3498",3,37,TRUE,"YES",TRUE,"very_loud",37,93
"3499",4,208,TRUE,"YES",TRUE,"average",208,30
"3502",4.5,135,TRUE,"YES",TRUE,"average",135,57
"3507",4,16,TRUE,"YES",TRUE,"quiet",16,58
"3509",3,34,TRUE,"NO",FALSE,"average",34,73
"3510",3.5,102,FALSE,"YES",FALSE,"quiet",102,46
"3511",4,27,TRUE,"YES",TRUE,"average",27,77.5
"3512",3,102,TRUE,"YES",TRUE,"average",102,88
"3513",4,171,TRUE,"YES",TRUE,"average",171,53
"3514",4,83,TRUE,"YES",TRUE,"loud",83,59
"3515",3.5,9,FALSE,"NO",TRUE,"average",9,111
"3519",3.5,30,TRUE,"YES",TRUE,"very_loud",30,40
"3523",4.5,45,TRUE,"YES",TRUE,"average",45,105
"3525",3.5,35,FALSE,"YES",FALSE,"average",35,80
"3528",3.5,103,TRUE,"YES",TRUE,"average",103,91
"3534",3.5,135,TRUE,"YES",TRUE,"quiet",135,39
"3535",3,31,TRUE,"YES",TRUE,"loud",31,105
"3536",4,262,TRUE,"YES",TRUE,"average",262,117
"3539",4,64,TRUE,"YES",FALSE,"loud",64,68
"3540",3,380,TRUE,"YES",TRUE,"loud",380,95.5
"3541",4.5,194,TRUE,"YES",TRUE,"average",194,83
"3545",4,79,TRUE,"YES",TRUE,"quiet",79,78
"3547",3.5,125,FALSE,"YES",TRUE,"average",125,69
"3548",4,58,TRUE,"NO",TRUE,"average",58,52
"3550",2.5,11,FALSE,"YES",FALSE,"very_loud",11,119
"3554",3.5,96,TRUE,"YES",TRUE,"average",96,53
"3555",3,29,FALSE,"NO",TRUE,"very_loud",29,79
"3556",2.5,58,FALSE,"YES",TRUE,"loud",58,38.5
"3561",4,147,TRUE,"YES",TRUE,"average",147,63
"3563",3.5,157,TRUE,"YES",TRUE,"average",157,74
"3564",3,12,FALSE,"YES",TRUE,"loud",12,99
"3565",3.5,80,TRUE,"YES",TRUE,"average",80,94
"3566",4,102,TRUE,"YES",TRUE,"average",102,67
"3567",3.5,139,TRUE,"YES",TRUE,"loud",139,83
"3570",3,25,TRUE,"YES",TRUE,"loud",25,58
"3572",4,21,TRUE,"YES",TRUE,"quiet",21,68
"3573",4,30,TRUE,"YES",TRUE,"loud",30,62
"3575",4,105,TRUE,"YES",TRUE,"average",105,91.5
"3576",3.5,5,TRUE,"NO",TRUE,"average",5,75
"3578",3.5,142,TRUE,"YES",TRUE,"average",142,86
"3579",3.5,85,TRUE,"YES",TRUE,"average",85,91
"3580",4,239,TRUE,"YES",TRUE,"average",239,85
"3581",4.5,171,TRUE,"YES",TRUE,"average",171,118.5
"3583",3,87,TRUE,"YES",TRUE,"average",87,80
"3586",4,88,FALSE,"YES",TRUE,"quiet",88,75.5
"3587",3,115,TRUE,"YES",TRUE,"average",115,105
"3589",3.5,155,TRUE,"YES",TRUE,"average",155,104.5
"3591",4.5,13,FALSE,"NO",TRUE,"loud",13,93
"3592",3.5,251,TRUE,"YES",TRUE,"average",251,105
"3593",4,188,TRUE,"YES",TRUE,"average",188,66
"3594",5,6,TRUE,"YES",TRUE,"average",6,95.25
"3595",4,926,TRUE,"YES",TRUE,"average",926,79
"3596",4,12,TRUE,"NO",TRUE,"loud",12,80
"3597",2,25,TRUE,"YES",TRUE,"average",25,100
"3598",4,48,TRUE,"YES",TRUE,"average",48,66
"3601",3,27,TRUE,"NO",TRUE,"average",27,84
"3604",3.5,5,TRUE,"YES",TRUE,"quiet",5,30
"3605",3.5,199,TRUE,"YES",TRUE,"average",199,78
"3612",4,233,TRUE,"YES",TRUE,"average",233,61.5
"3613",4,102,TRUE,"YES",FALSE,"average",102,98
"3615",4,88,FALSE,"YES",TRUE,"average",88,71
"3619",2.5,10,TRUE,"YES",TRUE,"average",10,114
"3620",2,32,TRUE,"YES",TRUE,"loud",32,48
"3621",2.5,48,TRUE,"YES",TRUE,"average",48,115.5
"3623",4.5,55,TRUE,"YES",TRUE,"average",55,75
"3624",3.5,46,TRUE,"YES",TRUE,"average",46,77
"3625",3,58,TRUE,"YES",TRUE,"very_loud",58,105
"3628",4,33,TRUE,"YES",TRUE,"average",33,104
"3629",3,138,TRUE,"YES",TRUE,"average",138,70
"3630",4.5,161,TRUE,"YES",TRUE,"average",161,25
"3631",3.5,8,TRUE,"NO",TRUE,"average",8,105
"3632",4.5,627,TRUE,"YES",TRUE,"average",627,72
"3633",4.5,23,FALSE,"YES",TRUE,"quiet",23,106
"3635",2.5,134,TRUE,"YES",TRUE,"loud",134,77
"3638",4,85,TRUE,"YES",FALSE,"average",85,14
"3643",4,1879,TRUE,"YES",TRUE,"loud",1879,114.5
"3644",4,73,TRUE,"YES",TRUE,"average",73,73
"3645",3.5,177,TRUE,"YES",TRUE,"quiet",177,43.5
"3647",3.5,41,TRUE,"YES",TRUE,"average",41,92
"3649",3.5,86,TRUE,"YES",TRUE,"average",86,90
"3653",4,16,TRUE,"YES",TRUE,"average",16,128
"3655",4.5,11,TRUE,"YES",TRUE,"average",11,25
"3657",2.5,27,TRUE,"NO",TRUE,"quiet",27,100
"3660",3,21,TRUE,"YES",TRUE,"average",21,40
"3663",4.5,243,TRUE,"YES",FALSE,"average",243,38.5
"3664",4,81,TRUE,"YES",TRUE,"average",81,64
"3666",4,60,TRUE,"NO",TRUE,"average",60,75
"3669",2.5,109,TRUE,"YES",FALSE,"quiet",109,67
"3673",2,5,FALSE,"NO",TRUE,"average",5,79
"3674",3.5,81,TRUE,"YES",TRUE,"average",81,47
"3676",1.5,135,FALSE,"NO",TRUE,"loud",135,104
"3678",3.5,18,FALSE,"YES",TRUE,"loud",18,45
"3679",3.5,137,TRUE,"YES",TRUE,"loud",137,105
"3681",4,61,TRUE,"YES",TRUE,"loud",61,70
"3683",4,8,TRUE,"NO",TRUE,"average",8,92
"3685",3,172,TRUE,"YES",TRUE,"average",172,102
"3687",4,611,TRUE,"YES",TRUE,"average",611,79
"3688",3.5,52,TRUE,"YES",FALSE,"average",52,82
"3692",3.5,53,TRUE,"YES",TRUE,"average",53,73.5
"3697",3.5,27,FALSE,"YES",TRUE,"average",27,36
"3702",4,38,TRUE,"YES",TRUE,"average",38,65
"3705",4,102,TRUE,"YES",TRUE,"average",102,43.5
"3706",3.5,84,FALSE,"YES",FALSE,"average",84,79
"3707",3.5,151,TRUE,"YES",TRUE,"average",151,107
"3708",2.5,160,TRUE,"YES",TRUE,"loud",160,88
"3709",4.5,52,TRUE,"YES",TRUE,"average",52,68
"3711",4,32,TRUE,"NO",TRUE,"average",32,76
"3712",3.5,23,TRUE,"YES",TRUE,"loud",23,100
"3713",2.5,39,TRUE,"NO",TRUE,"loud",39,74.5
"3714",4,302,TRUE,"YES",TRUE,"average",302,45
"3716",3,49,FALSE,"YES",TRUE,"average",49,65
"3722",4,177,TRUE,"YES",TRUE,"loud",177,103
"3723",3.5,141,TRUE,"YES",TRUE,"average",141,86
"3725",3,51,FALSE,"YES",TRUE,"quiet",51,65
"3726",4.5,53,TRUE,"YES",TRUE,"quiet",53,43
"3727",4,22,TRUE,"YES",TRUE,"average",22,106
"3729",3.5,76,TRUE,"YES",TRUE,"quiet",76,60
"3730",4,73,TRUE,"YES",TRUE,"loud",73,108
"3733",4,110,FALSE,"YES",TRUE,"average",110,40
"3735",3.5,136,TRUE,"YES",TRUE,"average",136,43
"3737",4,35,FALSE,"YES",TRUE,"average",35,48
"3739",3,109,TRUE,"YES",TRUE,"average",109,118
"3741",4,75,TRUE,"YES",TRUE,"average",75,83
"3742",3.5,25,TRUE,"YES",TRUE,"loud",25,103.5
"3743",3.5,97,TRUE,"YES",TRUE,"loud",97,104.5
"3745",3,13,FALSE,"NO",TRUE,"loud",13,105
"3750",3,17,TRUE,"NO",TRUE,"average",17,95
"3751",4,164,TRUE,"YES",TRUE,"average",164,89
"3752",3.5,27,TRUE,"YES",TRUE,"average",27,80
"3753",4.5,429,TRUE,"YES",FALSE,"average",429,38.5
"3754",3.5,52,FALSE,"YES",TRUE,"average",52,78
"3756",3.5,17,TRUE,"NO",TRUE,"average",17,72.5
"3757",3.5,56,TRUE,"YES",FALSE,"quiet",56,43
"3759",3,8,TRUE,"YES",TRUE,"average",8,84
"3762",3,9,FALSE,"NO",TRUE,"average",9,104.5
"3765",3,19,TRUE,"NO",TRUE,"average",19,101
"3767",4,65,TRUE,"YES",TRUE,"quiet",65,83.5
"3770",3,16,TRUE,"YES",TRUE,"loud",16,100
"3772",3,142,TRUE,"YES",TRUE,"average",142,100
"3776",4,85,TRUE,"YES",TRUE,"average",85,58
"3777",4,54,TRUE,"YES",TRUE,"average",54,24
"3779",3,78,FALSE,"YES",TRUE,"average",78,78
"3782",3.5,53,TRUE,"YES",TRUE,"loud",53,88
"3783",4,10,FALSE,"NO",TRUE,"average",10,105
"3784",2.5,20,FALSE,"NO",TRUE,"average",20,101
"3788",3.5,133,TRUE,"NO",TRUE,"average",133,35.5
"3790",2.5,66,FALSE,"YES",TRUE,"average",66,78
"3792",4.5,31,FALSE,"YES",FALSE,"average",31,50
"3793",3,18,TRUE,"YES",TRUE,"loud",18,105
"3794",3,95,TRUE,"YES",TRUE,"average",95,61.5
"3795",3,18,TRUE,"YES",TRUE,"average",18,80
"3797",3,41,FALSE,"YES",TRUE,"average",41,86
"3798",3.5,134,TRUE,"YES",TRUE,"average",134,86.5
"3799",3,65,FALSE,"YES",TRUE,"average",65,100
"3801",3.5,70,TRUE,"YES",TRUE,"average",70,105
"3803",5,23,TRUE,"NO",TRUE,"average",23,38
"3804",3,125,TRUE,"YES",TRUE,"very_loud",125,88
"3806",4,32,TRUE,"YES",FALSE,"average",32,46
"3811",3.5,242,FALSE,"YES",TRUE,"loud",242,107
"3819",2.5,53,TRUE,"YES",TRUE,"loud",53,83
"3821",4,85,TRUE,"YES",TRUE,"average",85,26
"3822",4,13,FALSE,"NO",TRUE,"quiet",13,74.5
"3823",2,35,TRUE,"NO",TRUE,"very_loud",35,100
"3824",2.5,22,TRUE,"YES",TRUE,"average",22,72
"3826",3.5,48,FALSE,"YES",TRUE,"average",48,92
"3828",4,179,TRUE,"YES",TRUE,"average",179,89
"3829",4,56,TRUE,"YES",TRUE,"average",56,27
"3830",4.5,18,TRUE,"NO",TRUE,"quiet",18,98
"3831",3.5,244,TRUE,"YES",TRUE,"average",244,90
"3834",3.5,18,TRUE,"YES",TRUE,"average",18,85
"3835",4,87,TRUE,"YES",TRUE,"average",87,106
"3836",4,83,TRUE,"YES",TRUE,"loud",83,63
"3839",4.5,3,FALSE,"YES",TRUE,"average",3,90
"3840",3.5,103,TRUE,"YES",TRUE,"average",103,24
"3841",3.5,64,FALSE,"NO",TRUE,"average",64,78
"3842",3.5,109,TRUE,"YES",TRUE,"loud",109,49
"3843",4,32,TRUE,"YES",FALSE,"quiet",32,48
"3846",3.5,36,TRUE,"YES",TRUE,"average",36,24
"3851",4.5,78,TRUE,"YES",TRUE,"average",78,55
"3853",3.5,91,TRUE,"YES",TRUE,"average",91,62
"3856",3,166,FALSE,"YES",TRUE,"loud",166,98
"3857",3.5,203,TRUE,"NO",TRUE,"average",203,100
"3858",4,366,TRUE,"YES",TRUE,"average",366,101
"3860",3,119,TRUE,"YES",TRUE,"average",119,94
"3861",3.5,52,TRUE,"NO",TRUE,"loud",52,91
"3862",4,371,TRUE,"YES",TRUE,"average",371,100
"3863",4,9,TRUE,"YES",TRUE,"quiet",9,65
"3865",4,76,TRUE,"YES",TRUE,"average",76,56
"3866",4,24,TRUE,"YES",TRUE,"loud",24,26
"3867",4,8,FALSE,"YES",TRUE,"average",8,59
"3868",5,20,TRUE,"YES",TRUE,"quiet",20,37
"3869",2,30,TRUE,"NO",TRUE,"average",30,86.5
"3872",3.5,76,TRUE,"NO",TRUE,"average",76,58
"3873",3.5,182,FALSE,"YES",TRUE,"average",182,45.5
"3874",4,128,TRUE,"YES",FALSE,"average",128,75
"3879",4,91,TRUE,"YES",TRUE,"average",91,96
"3880",3.5,63,TRUE,"YES",TRUE,"very_loud",63,105
"3884",2.5,40,TRUE,"YES",TRUE,"average",40,90
"3888",4,40,TRUE,"YES",TRUE,"average",40,104
"3891",3.5,73,TRUE,"YES",TRUE,"average",73,76
"3893",4,133,TRUE,"YES",TRUE,"quiet",133,38
"3894",3.5,26,TRUE,"NO",TRUE,"average",26,46.5
"3895",3,50,TRUE,"YES",TRUE,"average",50,87.5
"3896",3.5,112,TRUE,"YES",TRUE,"average",112,49
"3897",3,147,TRUE,"YES",TRUE,"quiet",147,74
"3900",3.5,7,TRUE,"YES",TRUE,"average",7,91
"3901",4.5,3,TRUE,"NO",TRUE,"average",3,88
"3904",4.5,58,TRUE,"YES",FALSE,"average",58,60.5
"3907",3.5,72,TRUE,"YES",TRUE,"average",72,68
"3910",4,41,FALSE,"YES",TRUE,"average",41,51
"3912",3.5,13,TRUE,"NO",TRUE,"average",13,108.5
"3913",4,85,TRUE,"YES",TRUE,"average",85,22.5
"3914",3,16,TRUE,"YES",TRUE,"very_loud",16,81.5
"3916",2,54,TRUE,"YES",TRUE,"average",54,92
"3919",4,136,TRUE,"YES",TRUE,"average",136,90
"3920",2.5,69,FALSE,"YES",TRUE,"average",69,105
"3922",3.5,71,FALSE,"YES",FALSE,"average",71,22
"3928",3,114,TRUE,"YES",TRUE,"average",114,112
"3931",2.5,96,TRUE,"YES",TRUE,"loud",96,108.5
"3932",3.5,51,TRUE,"YES",TRUE,"average",51,70
"3934",3.5,52,TRUE,"YES",TRUE,"very_loud",52,74.5
"3936",3.5,81,FALSE,"YES",TRUE,"average",81,70
"3937",3,64,FALSE,"YES",TRUE,"very_loud",64,35
"3938",4,291,TRUE,"YES",TRUE,"average",291,92
"3941",3,101,FALSE,"YES",TRUE,"average",101,87
"3942",4.5,87,TRUE,"YES",TRUE,"average",87,70
"3945",3,56,FALSE,"YES",TRUE,"average",56,117
"3947",3.5,120,TRUE,"YES",TRUE,"average",120,105
"3948",3.5,127,FALSE,"YES",TRUE,"average",127,77
"3950",3.5,94,FALSE,"YES",TRUE,"average",94,71
"3951",3.5,181,TRUE,"YES",TRUE,"average",181,36
"3952",4,81,TRUE,"YES",TRUE,"average",81,54
"3955",3.5,100,TRUE,"YES",TRUE,"average",100,50
"3957",4,774,TRUE,"YES",TRUE,"loud",774,103
"3965",3.5,32,TRUE,"NO",TRUE,"average",32,75.5
"3966",3,46,FALSE,"YES",TRUE,"loud",46,82
"3969",3,5,FALSE,"NO",TRUE,"loud",5,108.5
"3970",3.5,88,TRUE,"YES",TRUE,"average",88,56
"3972",4,62,TRUE,"YES",TRUE,"average",62,64
"3973",3.5,171,TRUE,"YES",FALSE,"average",171,52.5
"3974",4,39,FALSE,"YES",TRUE,"average",39,102
"3975",4,166,TRUE,"YES",TRUE,"average",166,79
"3977",3,248,TRUE,"YES",TRUE,"loud",248,103
"3978",4,566,TRUE,"YES",TRUE,"average",566,86
"3982",3.5,161,TRUE,"YES",TRUE,"average",161,86.9666666666667
"3984",4,373,TRUE,"YES",FALSE,"average",373,47
"3986",4,621,FALSE,"YES",TRUE,"average",621,79
"3987",4,20,TRUE,"YES",FALSE,"loud",20,52
"3989",4.5,117,TRUE,"YES",FALSE,"average",117,53
"3990",4.5,44,TRUE,"YES",FALSE,"quiet",44,68.5
"3993",3.5,72,FALSE,"YES",TRUE,"average",72,77
"3994",4,114,TRUE,"YES",TRUE,"quiet",114,75.75
"3997",3,63,TRUE,"YES",TRUE,"very_loud",63,10
"3998",3.5,84,TRUE,"YES",TRUE,"average",84,67
"4002",3.5,41,TRUE,"YES",TRUE,"average",41,79
"4003",4,192,TRUE,"YES",TRUE,"average",192,34.5
"4008",4,150,TRUE,"YES",FALSE,"average",150,79
"4009",4,174,TRUE,"YES",TRUE,"average",174,95.5
"4010",3.5,145,FALSE,"YES",TRUE,"average",145,97
"4014",3,86,TRUE,"NO",TRUE,"average",86,76
"4015",3.5,82,TRUE,"YES",TRUE,"average",82,108.5
"4016",2.5,33,TRUE,"YES",TRUE,"average",33,84
"4018",4,308,FALSE,"YES",TRUE,"average",308,111
"4020",2,24,FALSE,"YES",TRUE,"very_loud",24,34
"4023",3,156,TRUE,"YES",TRUE,"average",156,78
"4024",2.5,120,TRUE,"NO",TRUE,"average",120,106
"4028",3.5,16,TRUE,"YES",FALSE,"average",16,26
"4031",4,144,TRUE,"YES",TRUE,"loud",144,86
"4032",4,92,FALSE,"YES",TRUE,"average",92,52.5
"4033",3,116,TRUE,"YES",FALSE,"average",116,64
"4037",4.5,11,TRUE,"YES",TRUE,"average",11,27
"4038",4,83,TRUE,"YES",TRUE,"average",83,81
"4040",3.5,131,TRUE,"YES",TRUE,"average",131,124
"4041",4,59,TRUE,"YES",TRUE,"quiet",59,32
"4048",3.5,6,TRUE,"YES",TRUE,"average",6,104
"4049",4.5,33,TRUE,"YES",TRUE,"very_loud",33,43
"4052",3.5,130,TRUE,"YES",TRUE,"average",130,85
"4054",3.5,117,TRUE,"YES",TRUE,"average",117,82
"4055",3.5,174,TRUE,"YES",TRUE,"average",174,79.5
"4056",4.5,18,FALSE,"YES",TRUE,"loud",18,80
"4058",2,9,FALSE,"YES",TRUE,"very_loud",9,9
"4060",3.5,104,TRUE,"YES",TRUE,"average",104,96
"4063",2.5,20,TRUE,"NO",TRUE,"average",20,87
"4064",2.5,50,FALSE,"YES",TRUE,"average",50,104
"4065",4,107,TRUE,"YES",TRUE,"average",107,110
"4067",2,51,FALSE,"YES",FALSE,"quiet",51,168
"4068",4.5,64,TRUE,"YES",FALSE,"average",64,40
"4069",4,47,TRUE,"YES",TRUE,"average",47,60.5
"4071",4,161,TRUE,"YES",TRUE,"average",161,64.5
"4082",4,185,TRUE,"YES",FALSE,"average",185,83.5
"4087",2.5,35,FALSE,"YES",TRUE,"average",35,94
"4088",3.5,36,TRUE,"YES",TRUE,"loud",36,84
"4089",4,208,TRUE,"YES",TRUE,"average",208,87
"4090",2.5,29,FALSE,"YES",TRUE,"quiet",29,91
"4092",3.5,96,TRUE,"YES",TRUE,"average",96,105
"4094",3,61,FALSE,"YES",TRUE,"average",61,100
"4095",3,11,TRUE,"NO",TRUE,"average",11,88
"4098",4.5,65,TRUE,"YES",TRUE,"average",65,63
"4099",3.5,85,TRUE,"YES",TRUE,"loud",85,36
"4100",3,43,FALSE,"YES",TRUE,"average",43,74
"4101",3,28,TRUE,"YES",TRUE,"average",28,105
"4102",4,55,TRUE,"YES",FALSE,"average",55,73
"4105",3.5,19,TRUE,"NO",TRUE,"average",19,97
"4107",2,32,FALSE,"YES",TRUE,"average",32,98.5
"4109",4.5,83,TRUE,"YES",TRUE,"average",83,9
"4117",2,28,FALSE,"NO",TRUE,"average",28,101
"4118",4,74,TRUE,"YES",TRUE,"average",74,51
"4119",3,36,TRUE,"YES",TRUE,"average",36,38
"4121",3,25,TRUE,"NO",TRUE,"average",25,101
"4127",3.5,73,TRUE,"YES",TRUE,"loud",73,60
"4129",4,48,TRUE,"YES",TRUE,"average",48,118.5
"4137",3,34,FALSE,"YES",TRUE,"average",34,101
"4138",3,54,TRUE,"YES",TRUE,"average",54,100
"4139",2.5,49,FALSE,"YES",TRUE,"quiet",49,77
"4141",2.5,171,TRUE,"YES",TRUE,"loud",171,93.5
"4142",2.5,74,TRUE,"YES",TRUE,"average",74,97
"4146",3.5,289,TRUE,"YES",TRUE,"average",289,79.5
"4151",4,249,TRUE,"YES",TRUE,"average",249,79
"4153",4.5,289,FALSE,"YES",FALSE,"average",289,46
"4157",4,64,TRUE,"YES",TRUE,"average",64,35
"4159",4,104,TRUE,"YES",TRUE,"average",104,57
"4162",3.5,160,TRUE,"YES",TRUE,"average",160,105
"4163",3.5,21,TRUE,"YES",TRUE,"loud",21,101
"4164",3,37,TRUE,"YES",TRUE,"average",37,45
"4166",3.5,365,TRUE,"YES",TRUE,"average",365,81
"4168",3,10,FALSE,"YES",TRUE,"very_loud",10,105.5
"4173",3.5,47,TRUE,"YES",TRUE,"loud",47,105
"4176",4,20,TRUE,"YES",TRUE,"average",20,105
"4177",3,10,TRUE,"NO",TRUE,"average",10,46
"4178",3.5,45,TRUE,"YES",TRUE,"very_loud",45,78
"4179",4,89,TRUE,"YES",TRUE,"average",89,79
"4182",3.5,272,FALSE,"YES",TRUE,"average",272,106.5
"4183",3,61,TRUE,"YES",TRUE,"average",61,72
"4187",3.5,103,TRUE,"YES",FALSE,"average",103,78
"4191",4,108,FALSE,"NO",TRUE,"loud",108,62
"4194",4,183,TRUE,"YES",TRUE,"average",183,88
"4195",3.5,6,FALSE,"YES",FALSE,"average",6,60
"4198",4.5,22,TRUE,"NO",TRUE,"very_loud",22,112
"4199",4.5,39,TRUE,"YES",TRUE,"loud",39,37
"4200",4,23,FALSE,"YES",TRUE,"loud",23,117.5
"4201",3.5,202,TRUE,"YES",TRUE,"average",202,55
"4203",4.5,24,TRUE,"YES",TRUE,"average",24,52
"4205",3,61,FALSE,"YES",TRUE,"average",61,92
"4207",4,235,TRUE,"YES",FALSE,"average",235,38.5
"4208",4.5,23,TRUE,"YES",FALSE,"quiet",23,48
"4210",3.5,108,FALSE,"YES",TRUE,"average",108,46
"4211",3,55,TRUE,"YES",TRUE,"average",55,49
"4216",4,394,TRUE,"YES",TRUE,"average",394,68
"4217",3.5,49,TRUE,"NO",TRUE,"average",49,69
"4218",3,27,TRUE,"YES",TRUE,"loud",27,97
"4219",3,136,TRUE,"YES",TRUE,"quiet",136,76
"4222",4.5,5,TRUE,"YES",TRUE,"average",5,55
"4225",5,9,TRUE,"NO",TRUE,"average",9,91
"4226",4,28,TRUE,"NO",TRUE,"loud",28,105
"4228",4,61,FALSE,"YES",FALSE,"average",61,31
"4229",3.5,8,FALSE,"YES",TRUE,"average",8,82
"4231",2.5,91,TRUE,"NO",TRUE,"average",91,105
"4232",4,122,TRUE,"YES",TRUE,"loud",122,105
"4233",2.5,80,FALSE,"YES",TRUE,"average",80,72
"4236",3.5,75,TRUE,"YES",TRUE,"average",75,72
"4239",4,119,FALSE,"YES",TRUE,"average",119,56
"4242",4,69,TRUE,"YES",TRUE,"quiet",69,57
"4243",4,67,TRUE,"YES",TRUE,"average",67,105
"4244",3.5,15,TRUE,"YES",TRUE,"average",15,105
"4246",3,14,FALSE,"YES",TRUE,"loud",14,64
"4249",2,52,TRUE,"YES",TRUE,"average",52,105
"4250",4,65,FALSE,"YES",FALSE,"quiet",65,72
"4251",3.5,82,TRUE,"YES",TRUE,"average",82,79
"4253",3.5,21,TRUE,"NO",TRUE,"average",21,108.5
"4258",2.5,18,TRUE,"NO",TRUE,"average",18,73.5
"4259",3.5,178,TRUE,"YES",TRUE,"average",178,78.5
"4262",3,77,TRUE,"YES",TRUE,"loud",77,98
"4263",4.5,8,FALSE,"YES",TRUE,"loud",8,123
"4266",4,185,TRUE,"YES",TRUE,"average",185,107
"4267",4,9,FALSE,"NO",TRUE,"average",9,108.5
"4268",3.5,113,FALSE,"YES",TRUE,"average",113,84
"4270",2.5,24,TRUE,"YES",TRUE,"average",24,101
"4272",3,106,TRUE,"YES",TRUE,"average",106,92
"4273",3.5,66,TRUE,"YES",TRUE,"average",66,88
"4276",4,17,TRUE,"YES",TRUE,"average",17,70
"4278",2.5,3,FALSE,"NO",TRUE,"very_loud",3,55
"4279",4,33,FALSE,"NO",TRUE,"average",33,79
"4281",4.5,22,TRUE,"YES",TRUE,"average",22,73.5
"4282",3.5,219,FALSE,"YES",FALSE,"average",219,62
"4283",4.5,49,TRUE,"NO",TRUE,"average",49,48
"4284",3.5,55,TRUE,"YES",TRUE,"average",55,69.5
"4285",3.5,5,TRUE,"YES",TRUE,"loud",5,75
"4286",3,105,FALSE,"YES",TRUE,"average",105,97
"4287",3,51,TRUE,"YES",TRUE,"average",51,83
"4289",4,76,TRUE,"YES",TRUE,"average",76,35
"4290",2.5,69,FALSE,"NO",TRUE,"average",69,75
"4292",3.5,186,TRUE,"YES",TRUE,"average",186,95
"4293",4,37,TRUE,"YES",TRUE,"average",37,54
"4296",3.5,141,TRUE,"YES",TRUE,"average",141,107
"4298",4,8,TRUE,"NO",TRUE,"average",8,97
"4299",3.5,216,TRUE,"YES",TRUE,"average",216,39
"4301",4.5,12,FALSE,"NO",TRUE,"average",12,32
"4303",3,118,FALSE,"YES",TRUE,"average",118,72.5
"4304",3,255,TRUE,"YES",TRUE,"average",255,89
"4318",4.5,64,TRUE,"YES",FALSE,"average",64,45
"4320",3,28,TRUE,"YES",TRUE,"average",28,89
"4322",3.5,43,TRUE,"NO",TRUE,"quiet",43,44
"4324",3.5,90,FALSE,"YES",TRUE,"average",90,61.5
"4326",4,119,TRUE,"YES",TRUE,"average",119,77.5
"4328",4,554,TRUE,"YES",TRUE,"average",554,94
"4331",4.5,107,TRUE,"YES",FALSE,"average",107,71.5
"4335",4,190,TRUE,"YES",TRUE,"average",190,25
"4338",3.5,50,TRUE,"YES",TRUE,"average",50,46
"4339",1,12,TRUE,"YES",TRUE,"quiet",12,108.5
"4340",3,45,TRUE,"YES",TRUE,"average",45,106
"4341",2,42,TRUE,"YES",TRUE,"average",42,108.5
"4343",3,9,TRUE,"NO",TRUE,"loud",9,36
"4347",4,153,TRUE,"YES",TRUE,"average",153,79
"4349",3.5,140,FALSE,"YES",TRUE,"average",140,105
"4350",3,35,TRUE,"YES",FALSE,"average",35,73
"4352",3,26,TRUE,"NO",FALSE,"quiet",26,68
"4355",4.5,39,TRUE,"YES",TRUE,"average",39,100
"4356",4,53,FALSE,"YES",TRUE,"quiet",53,53.5
"4357",4,57,TRUE,"YES",FALSE,"average",57,54
"4358",3.5,95,FALSE,"YES",TRUE,"average",95,70
"4359",3.5,9,TRUE,"YES",TRUE,"quiet",9,97
"4360",2.5,24,TRUE,"NO",TRUE,"loud",24,111
"4361",4,289,TRUE,"YES",TRUE,"average",289,65
"4362",4,199,FALSE,"YES",FALSE,"average",199,80
"4363",3,135,TRUE,"YES",TRUE,"average",135,67
"4365",2,63,TRUE,"NO",TRUE,"average",63,92
"4367",4,106,TRUE,"YES",TRUE,"average",106,49.5
"4369",4.5,10,TRUE,"YES",TRUE,"very_loud",10,33
"4370",4,95,TRUE,"YES",TRUE,"average",95,31.5
"4371",3.5,120,FALSE,"YES",TRUE,"average",120,87
"4372",4,94,TRUE,"YES",FALSE,"average",94,89.5
"4374",4,95,TRUE,"YES",FALSE,"average",95,42
